utc,phase,physical_available,commit_available
2026-10-10T07:05:01.206991+00:00,actual,121147498496,125594071040
2026-10-10T07:05:02.207668+00:00,actual,120892391424,125255659520
2026-10-10T07:05:03.275960+00:00,pool,121154461696,125485039616
2026-10-10T07:05:04.276829+00:00,pool,120852361216,125118586880
2026-10-10T07:05:05.277473+00:00,pool,120848355328,125119959040
2026-10-10T07:05:06.278221+00:00,pool,120848994304,125121142784
2026-10-10T07:05:07.278743+00:00,pool,120847519744,125120188416
2026-10-10T07:05:08.279130+00:00,pool,120847638528,125120290816
2026-10-10T07:05:09.279942+00:00,pool,120848965632,125133942784
2026-10-10T07:05:10.280402+00:00,pool,120735760384,125133402112
2026-10-10T07:05:11.281195+00:00,pool,120732983296,125136506880
2026-10-10T07:05:12.281935+00:00,pool,120735137792,125137956864
2026-10-10T07:05:13.282582+00:00,pool,120736100352,125140664320
2026-10-10T07:05:14.282955+00:00,pool,120737382400,125141200896
2026-10-10T07:05:15.283587+00:00,pool,120736337920,125139111936
2026-10-10T07:05:16.284356+00:00,pool,120626495488,125150543872
2026-10-10T07:05:17.285025+00:00,pool,120616898560,125149892608
2026-10-10T07:05:18.285849+00:00,pool,120617549824,125150642176
2026-10-10T07:05:19.286431+00:00,pool,120617345024,125151145984
2026-10-10T07:05:20.286863+00:00,pool,120617033728,125151158272
2026-10-10T07:05:21.287626+00:00,pool,120589328384,125121392640
2026-10-10T07:05:22.288278+00:00,pool,120604811264,125137453056
2026-10-10T07:05:23.289548+00:00,pool,120439574528,125117243392
2026-10-10T07:05:24.290405+00:00,pool,120434520064,125117263872
2026-10-10T07:05:25.290775+00:00,pool,120429998080,125114347520
2026-10-10T07:05:26.291498+00:00,pool,120429948928,125114826752
2026-10-10T07:05:27.291960+00:00,pool,120429678592,125111926784
2026-10-10T07:05:28.292561+00:00,pool,120419041280,125094207488
2026-10-10T07:05:29.293404+00:00,pool,120415391744,125088198656
2026-10-10T07:05:30.293933+00:00,pool,120097427456,124670394368
2026-10-10T07:05:31.294793+00:00,pool,120222109696,125054500864
2026-10-10T07:05:32.295242+00:00,pool,120230903808,125063958528
2026-10-10T07:05:33.295820+00:00,pool,120190394368,125002739712
2026-10-10T07:05:34.296449+00:00,pool,120228622336,125059858432
2026-10-10T07:05:35.296916+00:00,pool,120227880960,125064036352
2026-10-10T07:05:36.297558+00:00,pool,120235794432,125069447168
2026-10-10T07:05:37.298308+00:00,pool,120229453824,125061582848
2026-10-10T07:05:38.298978+00:00,pool,120261296128,125090344960
2026-10-10T07:05:39.299790+00:00,pool,120110084096,125095628800
2026-10-10T07:05:40.300702+00:00,pool,120109338624,125088321536
2026-10-10T07:05:41.301454+00:00,pool,120110325760,125092102144
2026-10-10T07:05:42.301801+00:00,pool,120122425344,125105549312
2026-10-10T07:05:43.302614+00:00,pool,120125833216,125109235712
2026-10-10T07:05:44.303064+00:00,pool,120126038016,125109436416
2026-10-10T07:05:45.303822+00:00,pool,120104218624,125088382976
2026-10-10T07:05:46.304547+00:00,pool,119970578432,125106909184
2026-10-10T07:05:47.305052+00:00,pool,119972261888,125107888128
2026-10-10T07:05:48.305810+00:00,pool,119972626432,125108371456
2026-10-10T07:05:49.306562+00:00,pool,119972618240,125108043776
2026-10-10T07:05:50.306946+00:00,pool,119972786176,125108256768
2026-10-10T07:05:51.307727+00:00,pool,119971336192,125106827264
2026-10-10T07:05:52.308209+00:00,pool,119972016128,125108436992
2026-10-10T07:05:53.308766+00:00,pool,119952773120,125084123136
2026-10-10T07:05:54.309380+00:00,pool,119783591936,125085556736
2026-10-10T07:05:55.310078+00:00,pool,119752142848,125064794112
2026-10-10T07:05:56.310487+00:00,pool,119766261760,125077135360
2026-10-10T07:05:57.310905+00:00,pool,119767711744,125077057536
2026-10-10T07:05:58.311543+00:00,pool,119767891968,125076606976
2026-10-10T07:05:59.312096+00:00,pool,119769223168,125078142976
