utc,physical_available,commit_available
2026-10-10T02:09:58.993819+00:00,121266229248,124588044288
2026-10-10T02:09:59.994431+00:00,121110020096,124429062144
2026-10-10T02:10:00.995176+00:00,121038016512,124286689280
2026-10-10T02:10:01.995713+00:00,120889057280,123853516800
2026-10-10T02:10:02.996484+00:00,120545505280,123060781056
2026-10-10T02:10:03.997114+00:00,119819427840,121192923136
2026-10-10T02:10:04.997841+00:00,118525845504,118583230464
2026-10-10T02:10:05.998597+00:00,118633431040,117165744128
2026-10-10T02:10:06.999161+00:00,117963866112,116443627520
2026-10-10T02:10:07.999729+00:00,117307592704,115708022784
2026-10-10T02:10:09.000435+00:00,116626989056,114981134336
2026-10-10T02:10:10.000859+00:00,116007862272,111026790400
2026-10-10T02:10:11.001446+00:00,114606788608,108563005440
2026-10-10T02:10:12.001887+00:00,108674658304,58391904256
2026-10-10T02:10:13.002618+00:00,97400643584,58431946752
2026-10-10T02:10:14.003041+00:00,86109925376,58430697472
2026-10-10T02:10:15.003795+00:00,74702286848,58431610880
2026-10-10T02:10:16.004265+00:00,64496111616,58203676672
2026-10-10T02:10:17.004924+00:00,64226799616,58099372032
2026-10-10T02:10:18.005533+00:00,64108068864,57940430848
2026-10-10T02:10:19.006287+00:00,64062976000,57889882112
2026-10-10T02:10:20.006834+00:00,64062332928,57888366592
2026-10-10T02:10:21.007182+00:00,64063631360,57890463744
2026-10-10T02:10:22.007653+00:00,64023945216,57890885632
2026-10-10T02:10:23.071803+00:00,64002785280,57891946496
2026-10-10T02:10:24.072419+00:00,64003235840,57894359040
2026-10-10T02:10:25.073036+00:00,63987806208,57867436032
2026-10-10T02:10:26.073842+00:00,63978500096,57860464640
2026-10-10T02:10:27.143907+00:00,63979302912,57862037504
2026-10-10T02:10:28.144495+00:00,63978119168,57866190848
2026-10-10T02:10:29.145281+00:00,63980892160,57868025856
2026-10-10T02:10:30.145906+00:00,63978561536,57864769536
2026-10-10T02:10:31.146397+00:00,63981912064,57869766656
2026-10-10T02:10:32.146765+00:00,63978045440,57872240640
2026-10-10T02:10:33.147530+00:00,63966871552,57873772544
2026-10-10T02:10:34.218986+00:00,63962116096,57874415616
2026-10-10T02:10:35.219833+00:00,63966502912,57878732800
2026-10-10T02:10:36.220141+00:00,63946952704,57858863104
2026-10-10T02:10:37.221109+00:00,63944261632,57850884096
2026-10-10T02:10:38.264673+00:00,63950888960,57853820928
2026-10-10T02:10:39.265394+00:00,63948648448,57854836736
2026-10-10T02:10:40.265833+00:00,63950028800,57853865984
2026-10-10T02:10:41.266611+00:00,63950389248,57853558784
2026-10-10T02:10:42.267159+00:00,63955562496,57857101824
2026-10-10T02:10:43.267786+00:00,63951466496,57857355776
2026-10-10T02:10:44.268663+00:00,63951949824,57858473984
2026-10-10T02:10:45.269257+00:00,63947931648,57861062656
2026-10-10T02:10:46.269773+00:00,63948070912,57862107136
2026-10-10T02:10:47.270427+00:00,63963680768,57877807104
2026-10-10T02:10:48.270787+00:00,64137474048,40956018688
2026-10-10T02:10:49.271336+00:00,64141189120,40952537088
2026-10-10T02:10:50.271680+00:00,64139153408,40955547648
2026-10-10T02:10:51.272361+00:00,64137146368,40958005248
2026-10-10T02:10:52.272975+00:00,62771994624,39180963840
2026-10-10T02:10:53.273705+00:00,62561345536,38589349888
2026-10-10T02:10:54.274118+00:00,62568173568,38596517888
2026-10-10T02:10:55.274570+00:00,62568001536,38598393856
2026-10-10T02:10:56.275382+00:00,62456614912,38416752640
2026-10-10T02:10:57.276120+00:00,62535938048,38530195456
2026-10-10T02:10:58.276426+00:00,62540718080,38541533184
2026-10-10T02:10:59.276800+00:00,62543065088,38541930496
2026-10-10T02:11:00.277278+00:00,62498222080,38504570880
2026-10-10T02:11:01.277796+00:00,62502637568,38462205952
2026-10-10T02:11:02.278593+00:00,62294802432,38195458048
2026-10-10T02:11:03.279375+00:00,62109917184,37908467712
2026-10-10T02:11:04.279844+00:00,62028685312,37828808704
2026-10-10T02:11:05.280453+00:00,61992398848,37825937408
2026-10-10T02:11:06.280897+00:00,61949755392,37822574592
2026-10-10T02:11:07.281668+00:00,61909995520,37803413504
2026-10-10T02:11:08.282307+00:00,61902151680,37764108288
2026-10-10T02:11:09.282903+00:00,61861724160,37595086848
2026-10-10T02:11:10.283430+00:00,61811998720,37456969728
2026-10-10T02:11:11.284053+00:00,61766565888,37308092416
2026-10-10T02:11:12.284706+00:00,61641719808,37285203968
2026-10-10T02:11:13.285415+00:00,61867425792,37462532096
2026-10-10T02:11:14.286145+00:00,61746241536,37294682112
2026-10-10T02:11:15.286712+00:00,61684801536,37171642368
2026-10-10T02:11:16.287301+00:00,61636202496,37024034816
2026-10-10T02:11:17.287959+00:00,61567139840,36905852928
2026-10-10T02:11:18.288569+00:00,61503500288,36755951616
2026-10-10T02:11:19.289290+00:00,61438070784,36618141696
2026-10-10T02:11:20.290050+00:00,61378043904,36490297344
2026-10-10T02:11:21.290811+00:00,61302657024,36355235840
2026-10-10T02:11:22.291209+00:00,59959623680,36385296384
2026-10-10T02:11:23.291565+00:00,59957534720,36388163584
2026-10-10T02:11:24.291919+00:00,59965276160,36397879296
2026-10-10T02:11:25.292359+00:00,59965345792,36391841792
2026-10-10T02:11:26.292807+00:00,60114051072,36322050048
2026-10-10T02:11:27.293482+00:00,59992289280,36164681728
2026-10-10T02:11:28.294282+00:00,59917492224,36158709760
