utc,gpu_used,gpu_free,ram_available,commit_available,engine_rss,engine_private,pages_input_sec,sm_MHz,power_mW,gpu_C,clock_event_mask
2026-10-09T21:26:13.540424+00:00,861343744,24908460032,121638928384,123666153472,0,0,370.32131546138197,210,22399,51,1
2026-10-09T21:26:14.578866+00:00,861343744,24908460032,121342304256,123334488064,0,0,2437.3121579601693,210,22302,50,1
2026-10-09T21:26:15.617186+00:00,861343744,24908460032,121117962240,123074412544,0,0,881.2228175264914,210,21802,50,1
2026-10-09T21:26:16.656569+00:00,861343744,24908460032,120890155008,122812203008,0,0,888.0249593702124,210,22892,50,1
2026-10-09T21:26:17.685156+00:00,861343744,24908460032,120577085440,122464583680,0,0,889.5733256334199,210,22577,50,1
2026-10-09T21:26:18.717999+00:00,861343744,24908460032,120008417280,121756397568,255696896,337383424,3576.505707450547,210,22348,50,1
2026-10-09T21:26:19.779004+00:00,861343744,24908460032,119147200512,120410554368,877940736,1407750144,1275.1946368310707,210,22397,50,1
2026-10-09T21:26:20.842561+00:00,1158443008,24611360768,117711151104,118605721600,2138636288,2768183296,49504.014884771925,1695,26786,52,1
2026-10-09T21:26:21.887841+00:00,2697752576,23072051200,117654958080,117105561600,1947873280,4255055872,30606.71183675094,1875,109181,56,1
2026-10-09T21:26:22.966680+00:00,3339481088,22430322688,116894453760,116059009024,2548514816,4913258496,145236.30051022358,1875,128057,58,1
2026-10-09T21:26:24.077092+00:00,4006375424,21763428352,115833901056,114908905472,3141443584,5587521536,165857.50499514106,870,68455,52,1
2026-10-09T21:26:25.244708+00:00,4692144128,21077659648,115076288512,114078109696,3764412416,6280695808,142548.00196332057,675,36596,51,1
2026-10-09T21:26:26.350189+00:00,6067875840,19701927936,116285976576,112209911808,2397515776,7988977664,54242.3194480389,510,35173,51,1
2026-10-09T21:26:27.505545+00:00,6894153728,18875650048,113110380544,108198486016,5465747456,11891011584,309.86385811143515,960,34723,51,1
2026-10-09T21:26:28.592679+00:00,7470870528,18298933248,112389656576,56882909184,6229172224,63076405248,125976.42398633205,1305,71090,54,1
2026-10-09T21:26:29.751866+00:00,7470870528,18298933248,102033846272,56851103744,16767623168,63076405248,188.92812190781171,435,74649,52,1
2026-10-09T21:26:30.906382+00:00,7470870528,18298933248,91234107392,56853962752,27712921600,63076405248,213.9396678010666,270,25441,50,1
2026-10-09T21:26:32.093223+00:00,7470870528,18298933248,79910383616,56636092416,38591635456,63076405248,1211.6313917347527,210,22869,50,1
2026-10-09T21:26:33.188115+00:00,7470870528,18298933248,68584284160,56592216064,49733083136,63076405248,433.8330206843364,210,22064,50,1
2026-10-09T21:26:34.405747+00:00,7470870528,18298933248,61903351808,56370249728,56118935552,63315668992,289.9073717202997,210,23303,50,1
2026-10-09T21:26:35.485105+00:00,7470870528,18298933248,61987176448,56399486976,56118935552,63315668992,134.33922841661948,210,33142,50,1
2026-10-09T21:26:36.717371+00:00,7470870528,18298933248,61867769856,56223133696,56118939648,63315668992,396.8294865894762,210,31677,50,1
2026-10-09T21:26:37.808737+00:00,7470870528,18298933248,61773025280,56116580352,56118939648,63315668992,643.2320081043569,210,23463,49,1
2026-10-09T21:26:39.083525+00:00,7470870528,18298933248,61683064832,56019984384,56118939648,63315668992,555.3861157236398,210,21752,49,1
2026-10-09T21:26:40.586277+00:00,7470870528,18298933248,61596987392,55959384064,56164384768,63315668992,198.30213446295457,210,21401,49,1
2026-10-09T21:26:41.968600+00:00,7470870528,18298933248,61524664320,55909941248,56183271424,63315668992,494.102456738183,210,21473,49,1
2026-10-09T21:26:43.078220+00:00,7470870528,18298933248,61471211520,55862644736,56187727872,63315668992,127.96915474751145,210,21361,49,1
2026-10-09T21:26:44.113605+00:00,7470870528,18298933248,61470441472,55842463744,56187727872,63315668992,386.329237696114,210,21432,48,1
2026-10-09T21:26:45.196008+00:00,7470870528,18298933248,61450248192,55838269440,56187727872,63315668992,160.75395452418448,210,21346,48,1
2026-10-09T21:26:46.272333+00:00,7470870528,18298933248,61363146752,55721512960,56187727872,63315668992,484.9836248345063,210,21531,48,1
2026-10-09T21:26:47.594167+00:00,7470870528,18298933248,61146800128,55495405568,56187727872,63315668992,9478.439934576145,210,21613,48,1
2026-10-09T21:26:49.027879+00:00,7470870528,18298933248,61046472704,55410388992,56191205376,63315668992,5023.372772831323,210,21410,48,1
2026-10-09T21:26:50.269100+00:00,7470870528,18298933248,60921470976,55271997440,56208453632,63315668992,499.5019482187277,210,21577,48,1
2026-10-09T21:26:51.511108+00:00,7470870528,18298933248,60859555840,55207653376,56208453632,63315668992,314.01481956708466,210,21493,48,1
2026-10-09T21:26:52.695269+00:00,7470870528,18298933248,60729733120,55061504000,56208453632,63315668992,737.2104126875179,210,21273,48,1
2026-10-09T21:26:54.317306+00:00,7470870528,18298933248,60666806272,54974586880,56208453632,63315668992,617.7433269078574,210,21229,48,1
2026-10-09T21:26:55.383703+00:00,7470870528,18298933248,60576751616,54887792640,56208453632,63315668992,309.4594147259732,210,21063,47,1
2026-10-09T21:26:56.639496+00:00,7470870528,18298933248,60542423040,54847569920,56208453632,63315668992,134.5753657483716,210,21249,47,1
2026-10-09T21:26:57.762756+00:00,7470870528,18298933248,60510453760,54817198080,56208453632,63315668992,169.15080952016365,210,21222,47,1
2026-10-09T21:26:58.999276+00:00,7470870528,18298933248,60452306944,54737973248,56208769024,63315992576,165.78886181902732,210,21214,47,1
2026-10-09T21:27:00.355548+00:00,7470870528,18298933248,60442845184,54739869696,56208773120,63315992576,118.70723544194003,210,21318,47,1
2026-10-09T21:27:01.939808+00:00,7470870528,18298933248,60430700544,54729502720,56208773120,63315992576,252.48259826812085,210,21128,47,1
2026-10-09T21:27:02.978705+00:00,7470870528,18298933248,60458532864,54738493440,56154398720,63256756224,841.280579201465,210,21161,47,1
2026-10-09T21:27:04.304587+00:00,14987063296,10782740480,60435984384,37642330112,55986114560,80246669312,19338.069350208436,1695,26065,48,1
2026-10-09T21:27:05.331381+00:00,24596213760,1173590016,61681893376,39296495616,55986122752,80246669312,47.7208753410947,2040,138646,56,1
2026-10-09T21:27:06.343147+00:00,24596213760,1173590016,64308666368,42362601472,55986122752,80246669312,0.0,2040,147660,57,1
2026-10-09T21:27:07.345830+00:00,24627671040,1142132736,66109267968,44182990848,56404496384,80760111104,0.0,2040,147912,57,1
2026-10-09T21:27:08.348541+00:00,25078558720,691245056,65721892864,43186888704,57298124800,82306985984,2.9918928678958623,2040,146433,58,1
2026-10-09T21:27:09.351092+00:00,25078558720,691245056,65756348416,43229122560,57298124800,82306985984,1.9949111810682132,630,140756,57,1
2026-10-09T21:27:10.353458+00:00,25078558720,691245056,65756893184,43229032448,57298124800,82306985984,0.0,405,42495,51,1
2026-10-09T21:27:11.355786+00:00,25078558720,691245056,65773813760,43237228544,57298124800,82303049728,12.969757120346774,255,31056,49,1
2026-10-09T21:27:12.358136+00:00,25078558720,691245056,65741111296,43217788928,57298124800,82303049728,236.44445011999804,210,22527,49,1
2026-10-09T21:27:13.360466+00:00,25078558720,691245056,65737871360,43212214272,57298124800,82303049728,0.9976756153513544,210,21764,48,1
2026-10-09T21:27:14.363375+00:00,25078558720,691245056,65748107264,43226132480,57298124800,82303049728,0.0,210,21189,48,1
2026-10-09T21:27:15.366554+00:00,25078558720,691245056,65756667904,43235205120,57298124800,82303049728,0.0,210,21202,48,1
2026-10-09T21:27:16.369968+00:00,25078558720,691245056,65666523136,43107454976,57298124800,82303049728,0.0,210,21313,48,1
2026-10-09T21:27:17.372188+00:00,25120501760,649302016,65551802368,42950168576,57493389312,82566668288,3.9911018384511725,1695,33304,49,1
2026-10-09T21:27:18.374166+00:00,25126793216,643010560,65544372224,42947297280,57493364736,82572869632,0.0,2010,204779,62,4
2026-10-09T21:27:19.376565+00:00,25126793216,643010560,65545609216,42952314880,57493487616,82572869632,12.968864350467397,2010,223866,63,4
2026-10-09T21:27:20.378936+00:00,25126793216,643010560,65548546048,42953469952,57493479424,82572771328,0.0,2010,224153,65,4
2026-10-09T21:27:21.382492+00:00,25126793216,643010560,65538228224,42944389120,57493516288,82572771328,120.57275045874943,2010,220626,65,4
2026-10-09T21:27:22.384933+00:00,25126793216,643010560,65581092864,42978840576,57493516288,82572738560,0.0,2010,219698,65,4
2026-10-09T21:27:23.387786+00:00,25179222016,590581760,65410744320,42747691008,57659674624,82792906752,0.0,2025,188801,62,1
2026-10-09T21:27:24.391157+00:00,25198096384,571707392,65385811968,42714198016,57676095488,82828320768,0.0,2010,287469,71,1
2026-10-09T21:27:25.394279+00:00,25231650816,538152960,65367449600,42662010880,57703202816,82889121792,0.0,1980,312584,72,4
2026-10-09T21:27:26.396753+00:00,25231650816,538152960,65367670784,42663227392,57703202816,82889121792,0.0,1905,336801,74,4
2026-10-09T21:27:27.399724+00:00,25231650816,538152960,65368231936,42665279488,57703288832,82889207808,0.0,1935,336735,76,4
2026-10-09T21:27:28.402431+00:00,25231650816,538152960,65367232512,42663182336,57703288832,82889207808,0.0,1845,343919,76,32
2026-10-09T21:27:29.405162+00:00,25231650816,538152960,65368686592,42667102208,57703288832,82889207808,0.0,1860,322638,75,32
2026-10-09T21:27:30.407352+00:00,25231650816,538152960,65475944448,42771046400,57586364416,82772078592,0.9978165777645357,1995,266878,68,1
2026-10-09T21:27:31.409495+00:00,25231650816,538152960,65487187968,42782916608,57586364416,82772078592,0.0,1995,203924,70,4
2026-10-09T21:27:32.411787+00:00,25231650816,538152960,65489227776,42784309248,57586368512,82772078592,3.9908565485615903,1995,238790,71,4
2026-10-09T21:27:33.413778+00:00,25231650816,538152960,65492205568,42789781504,57586376704,82772078592,0.0,1995,233750,70,4
2026-10-09T21:27:34.417955+00:00,25231650816,538152960,65367916544,42617393152,57586393088,82772078592,0.9958637793787283,1980,229600,70,4
2026-10-09T21:27:35.421913+00:00,25231650816,538152960,64818524160,41882947584,57586393088,82772078592,34.86191543913712,1995,230036,69,4
2026-10-09T21:27:36.425439+00:00,25231650816,538152960,65323376640,42618396672,57704054784,82889945088,1.9929735723732411,1995,219114,68,4
2026-10-09T21:27:37.428420+00:00,25231650816,538152960,65336864768,42638364672,57704103936,82889945088,227.31958701215524,1860,251612,74,4
2026-10-09T21:27:38.431113+00:00,25231650816,538152960,65350352896,42639138816,57704108032,82889945088,29.919423999227682,1920,333478,76,4
2026-10-09T21:27:39.434314+00:00,25231650816,538152960,66051391488,43355090944,57704128512,82889949184,0.9968098098844457,1905,339637,76,4
2026-10-09T21:27:40.437384+00:00,25231650816,538152960,66059190272,43344166912,57704140800,82889949184,22492.935441726182,1860,322741,76,4
2026-10-09T21:27:41.442448+00:00,25231650816,538152960,65878384640,43134251008,57704153088,82889949184,0.0,1995,303084,72,1
2026-10-09T21:27:42.447928+00:00,25231650816,538152960,65703546880,42928033792,57704177664,82889949184,0.0,1995,244584,72,1
2026-10-09T21:27:43.455013+00:00,25231650816,538152960,65449406464,42628706304,57704214528,82889949184,15.887492720301188,1995,245349,71,1
2026-10-09T21:27:44.462570+00:00,25231650816,538152960,65248092160,42388340736,57704251392,82889949184,0.0,1995,249284,71,1
2026-10-09T21:27:45.470120+00:00,25231650816,538152960,65074257920,42183000064,57704288256,82889949184,0.0,1995,236466,70,1
2026-10-09T21:27:46.479669+00:00,25231650816,538152960,64923901952,42008649728,57704296448,82889949184,0.0,1995,239145,70,1
2026-10-09T21:27:47.489804+00:00,25231650816,538152960,64702324736,41745899520,57704329216,82889949184,13.859499325586864,1995,224267,69,1
2026-10-09T21:27:48.502806+00:00,25231650816,538152960,64375308288,41345208320,57704341504,82889949184,0.0,1995,233272,68,1
2026-10-09T21:27:49.514498+00:00,25231650816,538152960,64325091328,41288253440,57586696192,82772082688,0.9884443931331978,1965,185525,69,4
2026-10-09T21:27:50.535828+00:00,25231650816,538152960,64101883904,41010950144,57586708480,82772082688,0.0,1905,238909,69,4
2026-10-09T21:27:51.570478+00:00,25231650816,538152960,63997804544,40905928704,57586708480,82772082688,0.0,1995,233122,69,4
2026-10-09T21:27:52.582114+00:00,25231650816,538152960,63914774528,40813576192,57586712576,82772082688,0.0,2010,228534,68,1
2026-10-09T21:27:53.624408+00:00,25231650816,538152960,63683661824,40539803648,57586716672,82772082688,0.0,2010,227785,69,1
2026-10-09T21:27:54.645632+00:00,25231650816,538152960,63443505152,40261943296,57586728960,82772049920,32.31453756623746,1995,224212,68,4
2026-10-09T21:27:55.672217+00:00,25231650816,538152960,63039393792,39804088320,57704407040,82889949184,59.4203920654879,2010,182891,66,1
2026-10-09T21:27:56.689767+00:00,25231650816,538152960,62945476608,39702720512,57704407040,82889949184,47.17371001278702,2010,179501,66,1
2026-10-09T21:27:57.710658+00:00,25231650816,538152960,62817435648,39551451136,57704415232,82889949184,0.0,2010,180657,65,1
2026-10-09T21:27:58.738571+00:00,25231650816,538152960,62595096576,39290470400,57704423424,82889949184,0.9728490477802163,2010,194965,67,1
2026-10-09T21:27:59.789626+00:00,25231650816,538152960,62371540992,39032528896,57704456192,82889981952,0.0,2010,207487,68,1
2026-10-09T21:28:00.822190+00:00,25231650816,538152960,62149771264,38771163136,57704476672,82889949184,0.9684619400752553,2010,233651,69,1
2026-10-09T21:28:01.858832+00:00,25231650816,538152960,61941669888,38520152064,57704493056,82889949184,0.0,2010,210440,68,1
2026-10-09T21:28:02.888054+00:00,25231650816,538152960,61719699456,38260953088,57704505344,82889949184,0.0,2010,207735,68,1
2026-10-09T21:28:03.949033+00:00,25231650816,538152960,61491609600,37989076992,57704521728,82889949184,0.0,2010,215803,68,1
2026-10-09T21:28:04.995742+00:00,25231650816,538152960,61273698304,37730574336,57704534016,82889949184,14.330703139771074,2010,243332,70,1
2026-10-09T21:28:06.094264+00:00,25231650816,538152960,61076877312,37502316544,57704550400,82889949184,21.8474057025006,2010,241150,70,1
2026-10-09T21:28:07.131266+00:00,25231650816,538152960,60723007488,37130727424,57704550400,82889949184,15.429073369390434,2010,211279,69,1
2026-10-09T21:28:08.445541+00:00,25231650816,538152960,60368154624,36763570176,57704558592,82889949184,35.00033859023201,2010,182525,67,1
2026-10-09T21:28:09.508216+00:00,25231650816,538152960,60322648064,36728799232,57704558592,82889949184,0.0,2010,180023,67,1
2026-10-09T21:28:10.639173+00:00,25231650816,538152960,60505796608,36910075904,57704566784,82889949184,0.0,2010,212208,68,1
2026-10-09T21:28:11.719626+00:00,25231650816,538152960,60522549248,36921221120,57704570880,82889949184,0.0,2010,196638,68,1
2026-10-09T21:28:12.841011+00:00,25231650816,538152960,60387598336,36791779328,57704579072,82889949184,0.0,2010,217983,69,1
2026-10-09T21:28:13.937163+00:00,25231650816,538152960,60364615680,36767055872,57704587264,82889949184,0.0,2010,232561,69,1
2026-10-09T21:28:15.012769+00:00,25231650816,538152960,60263268352,36650070016,57704591360,82889949184,0.0,2010,219205,70,1
2026-10-09T21:28:16.127821+00:00,25231650816,538152960,60149698560,36513222656,57704607744,82889949184,0.0,2010,244475,71,1
2026-10-09T21:28:17.188372+00:00,25231650816,538152960,60112732160,36471951360,57704624128,82889949184,0.0,2010,219094,70,1
2026-10-09T21:28:18.380883+00:00,25231650816,538152960,60093542400,36450209792,57704628224,82889949184,0.0,2010,226875,70,1
2026-10-09T21:28:19.546485+00:00,25231650816,538152960,60044869632,36399001600,57704632320,82889949184,0.0,2010,218886,70,1
2026-10-09T21:28:20.673254+00:00,25231650816,538152960,59958169600,36296945664,57704644608,82889949184,14.199876035082212,2010,224076,70,1
2026-10-09T21:28:21.952738+00:00,25231650816,538152960,59825881088,36134993920,57704652800,82889949184,36.73357257049427,2010,226389,71,1
2026-10-09T21:28:23.142969+00:00,25231650816,538152960,59817472000,36137484288,57704656896,82889949184,269.69552383566514,2010,203697,70,1
2026-10-09T21:28:24.286509+00:00,25231650816,538152960,59733643264,36045156352,57704656896,82889949184,0.0,2010,213514,70,1
2026-10-09T21:28:25.512670+00:00,25231650816,538152960,59692130304,36004147200,57704665088,82889949184,0.0,2010,223758,71,1
2026-10-09T21:28:26.662334+00:00,25231650816,538152960,59576774656,35845054464,57704665088,82889949184,4.349110019871084,2010,192099,67,1
2026-10-09T21:28:27.813421+00:00,25231650816,538152960,59505102848,35763867648,57704665088,82889949184,0.0,2010,155466,66,1
2026-10-09T21:28:28.910386+00:00,25231650816,538152960,59591598080,35879108608,57587261440,82772520960,0.9116028722418658,2010,137681,67,4
2026-10-09T21:28:30.174669+00:00,25231650816,538152960,59301666816,35575169024,57587261440,82772520960,0.0,1995,233863,71,4
2026-10-09T21:28:31.416214+00:00,25231650816,538152960,59285331968,35560837120,57587265536,82772520960,0.0,1995,235237,72,4
2026-10-09T21:28:32.569136+00:00,25231650816,538152960,59167973376,35425304576,57587265536,82772520960,4425.331422802166,1995,234309,71,4
2026-10-09T21:28:33.780543+00:00,25231650816,538152960,59027853312,35284111360,57704927232,82890387456,42.09960816821551,1995,221678,72,4
2026-10-09T21:28:35.133583+00:00,25231650816,538152960,58939162624,35174989824,57704914944,82890354688,0.0,2010,192983,69,1
2026-10-09T21:28:36.334772+00:00,25231650816,538152960,58865848320,35088904192,57704923136,82890354688,0.0,2010,211074,70,1
2026-10-09T21:28:37.601003+00:00,25231650816,538152960,58805858304,35026345984,57704927232,82890354688,0.0,2010,222461,71,1
2026-10-09T21:28:38.893807+00:00,25231650816,538152960,58796945408,35010514944,57704927232,82890354688,0.0,2010,220331,71,1
2026-10-09T21:28:40.249777+00:00,25231650816,538152960,58755092480,34960969728,57704927232,82890354688,0.0,2010,198109,69,1
2026-10-09T21:28:41.473565+00:00,25231650816,538152960,58850414592,35054211072,57704927232,82890354688,52.2966097006779,1995,216346,71,1
2026-10-09T21:28:42.541420+00:00,25231650816,538152960,59029884928,35238621184,57704902656,82890293248,0.0,1995,222821,71,1
2026-10-09T21:28:43.738890+00:00,25231650816,538152960,58998718464,35205959680,57704902656,82890293248,12.526395202424041,1995,229502,72,1
2026-10-09T21:28:45.027070+00:00,25231650816,538152960,58947727360,35125125120,57704906752,82890293248,0.0,1995,214167,70,1
2026-10-09T21:28:46.152264+00:00,25231650816,538152960,58827046912,34995462144,57704910848,82890293248,62.21137808778399,1995,187833,70,1
2026-10-09T21:28:47.219921+00:00,25231650816,538152960,59031023616,35341852672,57704914944,82890293248,0.0,1995,188767,69,1
2026-10-09T21:28:48.240377+00:00,25231650816,538152960,61636984832,38509711360,57704923136,82890293248,0.0,1980,269974,75,4
2026-10-09T21:28:49.247243+00:00,25231650816,538152960,64763408384,41957650432,57704927232,82890293248,0.0,1830,313074,76,32
2026-10-09T21:28:50.251541+00:00,25231650816,538152960,65054990336,42334736384,57704935424,82890293248,0.0,1815,314935,77,32
2026-10-09T21:28:51.253943+00:00,25231650816,538152960,65101606912,42364850176,57704935424,82890293248,0.0,1785,318019,77,32
2026-10-09T21:28:52.256460+00:00,25231650816,538152960,65255858176,42548928512,57587294208,82772426752,0.0,1995,210428,70,1
2026-10-09T21:28:53.258946+00:00,25231650816,538152960,65259868160,42544754688,57587294208,82772426752,0.0,1980,232070,73,4
2026-10-09T21:28:54.261169+00:00,25231650816,538152960,65248141312,42536382464,57587294208,82772426752,0.0,1980,238147,73,4
2026-10-09T21:28:55.263396+00:00,25231650816,538152960,65250402304,42545922048,57587294208,82772426752,0.0,1980,240267,72,4
2026-10-09T21:28:56.266306+00:00,25231650816,538152960,65259765760,42556358656,57587294208,82772426752,0.0,1980,234392,74,4
2026-10-09T21:28:57.268559+00:00,25231650816,538152960,65266032640,42563280896,57587298304,82772426752,0.9977515668441169,1980,232825,73,4
2026-10-09T21:28:58.272207+00:00,25231650816,538152960,65151483904,42442977280,57704960000,82890293248,0.0,1995,205867,69,1
2026-10-09T21:28:59.274910+00:00,25231650816,538152960,65161498624,42453692416,57704960000,82890293248,0.0,1980,304073,76,4
2026-10-09T21:29:00.277796+00:00,25231650816,538152960,65157959680,42452951040,57704968192,82890293248,0.0,1860,324516,77,32
2026-10-09T21:29:01.280793+00:00,25231650816,538152960,65159852032,42458685440,57704972288,82890293248,0.0,1770,318978,76,32
2026-10-09T21:29:02.283576+00:00,25231650816,538152960,65160589312,42460766208,57704972288,82890293248,0.0,1785,319534,77,32
2026-10-09T21:29:03.286693+00:00,25231650816,538152960,65161658368,42461515776,57704976384,82890293248,0.0,1755,321798,76,32
2026-10-09T21:29:04.289800+00:00,25231650816,538152960,65161035776,42460864512,57704976384,82890293248,0.0,1800,315290,77,32
2026-10-09T21:29:05.292298+00:00,25231650816,538152960,65273364480,42570526720,57587326976,82772426752,0.0,1995,235795,70,1
2026-10-09T21:29:06.294606+00:00,25231650816,538152960,65259384832,42550001664,57587326976,82772426752,0.0,1890,221493,72,4
2026-10-09T21:29:07.296967+00:00,25231650816,538152960,65234866176,42517364736,57587326976,82772426752,27.933562814202702,1980,241946,71,4
2026-10-09T21:29:08.299187+00:00,25231650816,538152960,65236766720,42529783808,57587326976,82772426752,0.0,1950,240141,72,4
2026-10-09T21:29:09.301640+00:00,25231650816,538152960,65241378816,42532130816,57587326976,82772426752,0.0,1995,234077,71,1
2026-10-09T21:29:10.304041+00:00,25231650816,538152960,65243025408,42534592512,57587331072,82772426752,116.71948805435895,1980,233667,71,4
2026-10-09T21:29:11.306501+00:00,25231650816,538152960,65128972288,42414956544,57704984576,82890293248,0.0,1995,213842,68,1
2026-10-09T21:29:12.309523+00:00,25231650816,538152960,65130270720,42416386048,57705000960,82890293248,0.996994659299009,1890,287690,76,4
2026-10-09T21:29:13.312643+00:00,25231650816,538152960,65980956672,43271933952,57705005056,82890293248,0.0,1830,326684,76,32
2026-10-09T21:29:14.315585+00:00,25231650816,538152960,66020007936,43310714880,57705009152,82890293248,0.0,1920,323781,77,32
2026-10-09T21:29:15.318416+00:00,25231650816,538152960,66018353152,43309498368,57705013248,82890293248,0.0,1800,324230,77,32
2026-10-09T21:29:16.321198+00:00,25231650816,538152960,66019737600,43311529984,57705013248,82890293248,0.0,1830,322329,77,32
2026-10-09T21:29:17.324018+00:00,25231650816,538152960,66020179968,43311874048,57705013248,82890293248,0.0,1935,318292,76,32
2026-10-09T21:29:18.326877+00:00,25231650816,538152960,66125877248,43415961600,57591881728,82776596480,0.0,1995,249764,69,1
2026-10-09T21:29:19.329661+00:00,25231650816,538152960,65993904128,43280834560,57713848320,82898726912,0.0,1995,227642,71,1
2026-10-09T21:29:20.332892+00:00,25231650816,538152960,65986490368,43266826240,57713856512,82898726912,0.0,1875,307276,77,4
2026-10-09T21:29:21.335719+00:00,25231650816,538152960,65992470528,43276132352,57713860608,82898726912,76.78327153775753,1785,327901,76,32
2026-10-09T21:29:22.338277+00:00,25231650816,538152960,66045956096,43339640832,57713860608,82898726912,0.0,1830,323166,76,32
2026-10-09T21:29:23.341247+00:00,25231650816,538152960,66044325888,43338883072,57713860608,82898726912,0.0,1800,321831,76,32
2026-10-09T21:29:24.344143+00:00,25231650816,538152960,66044780544,43338747904,57713860608,82898726912,0.0,1815,324456,76,32
2026-10-09T21:29:25.346098+00:00,25231650816,538152960,65956749312,43209691136,57713860608,82898726912,0.998038953260738,1980,315843,73,36
2026-10-09T21:29:26.348398+00:00,25231650816,538152960,66036117504,43319939072,57713860608,82898726912,0.0,1995,202391,73,1
2026-10-09T21:29:27.351455+00:00,25231650816,538152960,66037870592,43322474496,57713860608,82898726912,0.0,1800,283978,77,4
2026-10-09T21:29:28.354729+00:00,25231650816,538152960,66032254976,43321942016,57713868800,82898726912,0.0,1785,331019,76,32
2026-10-09T21:29:29.357345+00:00,25231650816,538152960,66031312896,43324399616,57713872896,82898726912,0.0,1785,325365,77,32
2026-10-09T21:29:30.360270+00:00,25231650816,538152960,66032455680,43325923328,57713872896,82898726912,0.0,1755,322864,76,32
2026-10-09T21:29:31.363032+00:00,25231650816,538152960,66033762304,43327098880,57713897472,82898726912,0.0,1770,320592,77,32
2026-10-09T21:29:32.365025+00:00,25231650816,538152960,66014253056,43262709760,57713901568,82898726912,0.9980021991976462,1785,322047,77,32
2026-10-09T21:29:33.369294+00:00,25231650816,538152960,66140753920,43424665600,57596932096,82781814784,0.0,1995,215457,71,1
2026-10-09T21:29:34.372130+00:00,25231650816,538152960,66026201088,43313606656,57714626560,82899714048,0.0,1980,267166,74,4
2026-10-09T21:29:35.375145+00:00,25231650816,538152960,66027229184,43306360832,57714634752,82899722240,0.0,1770,332319,77,32
2026-10-09T21:29:36.378220+00:00,25231650816,538152960,66022522880,43315851264,57714638848,82899722240,0.0,1770,322076,76,32
2026-10-09T21:29:37.380899+00:00,25231650816,538152960,66027044864,43320291328,57714638848,82899722240,0.0,1755,328092,77,32
2026-10-09T21:29:38.384712+00:00,25231650816,538152960,66027147264,43321249792,57714638848,82899722240,0.0,1740,323114,76,32
2026-10-09T21:29:39.387405+00:00,25231650816,538152960,66027008000,43321753600,57714638848,82899722240,0.0,1785,324114,77,32
2026-10-09T21:29:40.390476+00:00,25231650816,538152960,65934000128,43189645312,57714638848,82899722240,0.9969686172224733,1980,283768,71,4
2026-10-09T21:29:41.393823+00:00,25231650816,538152960,66015158272,43293626368,57714651136,82899722240,8.970431663151919,1995,209024,73,1
2026-10-09T21:29:42.396631+00:00,25231650816,538152960,66016079872,43303149568,57714655232,82899722240,0.0,1920,292260,77,4
2026-10-09T21:29:43.399423+00:00,25231650816,538152960,66029555712,43325833216,57714667520,82899722240,0.0,1815,324444,76,32
2026-10-09T21:29:44.402035+00:00,25231650816,538152960,66029899776,43326107648,57714667520,82899722240,0.0,1770,324659,77,32
2026-10-09T21:29:45.405044+00:00,25231650816,538152960,66032439296,43328012288,57714667520,82899722240,0.0,1785,315958,77,32
2026-10-09T21:29:46.408431+00:00,25231650816,538152960,66028048384,43322019840,57714667520,82899722240,44.84855539813159,1785,322892,77,32
2026-10-09T21:29:47.410728+00:00,25231650816,538152960,66009997312,43263123456,57714667520,82899722240,0.0,1770,324270,77,32
2026-10-09T21:29:48.414338+00:00,25231650816,538152960,66148818944,43431841792,57597005824,82781822976,15.942666981002917,1995,219761,70,1
2026-10-09T21:29:49.417829+00:00,25231650816,538152960,65981833216,43259809792,57714683904,82899722240,0.996591457895705,1935,249765,75,1
2026-10-09T21:29:50.421202+00:00,25231650816,538152960,65976664064,43262836736,57714696192,82899722240,25.91064455120073,1905,327581,76,32
2026-10-09T21:29:51.424236+00:00,25231650816,538152960,66044141568,43325284352,57714700288,82899722240,0.0,1815,318378,77,32
2026-10-09T21:29:52.426985+00:00,25231650816,538152960,66042044416,43333255168,57714704384,82899722240,0.0,1815,325292,77,32
2026-10-09T21:29:53.430376+00:00,25231650816,538152960,66048294912,43340521472,57714704384,82899722240,13.952696174160744,1785,315440,76,32
2026-10-09T21:29:54.433401+00:00,25231650816,538152960,66047397888,43338289152,57714704384,82899722240,0.0,1875,319792,77,32
2026-10-09T21:29:55.436043+00:00,25231650816,538152960,66165354496,43453136896,57597034496,82781822976,0.9973442716733881,1980,267284,70,36
2026-10-09T21:29:56.439228+00:00,25231650816,538152960,66030960640,43316125696,57714708480,82899722240,0.0,1995,219805,73,1
2026-10-09T21:29:57.442062+00:00,25231650816,538152960,66018791424,43293331456,57714708480,82899722240,0.0,1875,303348,77,4
2026-10-09T21:29:58.444555+00:00,25231650816,538152960,66016215040,43308171264,57714716672,82899726336,0.0,1785,327238,76,32
2026-10-09T21:29:59.447669+00:00,25231650816,538152960,66015215616,43307847680,57714716672,82899726336,0.0,1785,324452,77,32
2026-10-09T21:30:00.450687+00:00,25231650816,538152960,66014453760,43307741184,57714716672,82899726336,0.0,1740,319576,76,32
2026-10-09T21:30:01.453614+00:00,25231650816,538152960,66018992128,43312013312,57714716672,82899726336,0.0,1785,319067,77,32
2026-10-09T21:30:02.456193+00:00,25231650816,538152960,66040590336,43331272704,57714716672,82899726336,39.89613838294767,1860,321248,76,32
2026-10-09T21:30:03.459886+00:00,7470870528,18298933248,67119484928,62307524608,56561098752,63885864960,11.955845865633629,1980,228542,69,1
2026-10-09T21:30:04.463156+00:00,861343744,24908460032,74296713216,76152659968,49788923904,50632237056,18.938081941093593,1980,163360,67,1
2026-10-09T21:30:05.467209+00:00,861343744,24908460032,107668611072,76379340800,16714739712,50632237056,0.9959801246190252,390,117342,62,1
