seconds,physical_available,commit_available
0.00014179997378960252,121243983872,124842168320
1.0008517999667674,121108705280,124691820544
2.0015447000041604,121049018368,124599357440
3.0021114999544807,120924393472,124174475264
4.002911299990956,120708096000,123625000960
5.003458099963609,119957954560,121452879872
6.004156299983151,118586867712,118843035648
7.004859499982558,118646112256,117658861568
8.005474899953697,118015385600,116768407552
9.006208999955561,117360369664,116029861888
10.006788400001824,116697235456,115316711424
11.00758279999718,116965511168,112399876096
12.008051699958742,114644963328,108809519104
13.008472899964545,109240799232,58650644480
14.00909819995286,97827590144,58646958080
15.009582299971953,86497181696,58646929408
16.010325899987947,75237892096,58649063424
17.010945899994113,64458383360,58408058880
18.01159579999512,64188547072,58320289792
19.012198799988255,63981723648,58045161472
20.012581899994984,63957057536,58010488832
21.012996599951293,63957446656,58018021376
22.013852799951565,63958589440,58019078144
23.014501700003166,63925088256,58019352576
24.015371299989056,63899238400,58021048320
25.01617749995785,63933292544,58058375168
26.016908599995077,63923945472,58059247616
27.017677299969364,63920832512,58061721600
28.01838789996691,63932379136,58084732928
29.018925499985926,63932547072,58084093952
30.019454599998426,63933132800,58082754560
31.045723899966106,63931801600,58084622336
32.04656230000546,63933239296,58086375424
33.04736359999515,63932198912,58088841216
34.04787079995731,63927902208,58089816064
35.161151099950075,63919624192,58089996288
36.161602499953005,63920287744,58090315776
37.16203799995128,63918841856,58090450944
38.16280399996322,63924133888,58093215744
39.22002379997866,63922327552,58093649920
40.22046219999902,63923015680,58093297664
41.221056399983354,63923011584,58093891584
42.22142849996453,63922864128,58093871104
43.294941999949515,63923154944,58092978176
44.295768499956466,63924789248,58092933120
45.29628660000162,63919685632,58094145536
46.296717099961825,63919652864,58096037888
47.29729299998144,63920230400,58095591424
48.297887499968056,63920410624,58097188864
49.29869319999125,64067833856,58248028160
50.299445699958596,64110149632,41187782656
51.300027399964165,64110075904,41191186432
52.300780199992005,64107941888,41192521728
53.301355100004,63172677632,39981072384
54.30225700000301,62538153984,38815043584
55.302803299971856,62526693376,38815334400
56.30358680000063,62527913984,38814285824
57.30431529995985,62446579712,38665461760
58.30508269998245,62476111872,38691667968
59.30586979998043,62507372544,38751784960
60.30634029995417,62505701376,38753361920
61.30668300000252,62497472512,38754492416
62.307179199997336,62416543744,38636638208
63.30762679997133,62342967296,38529064960
64.30845149996458,62247141376,38403035136
65.30910689994926,62043856896,38064525312
66.30986709997524,62019104768,38060150784
67.31055059999926,62008770560,38065266688
68.31122579996008,61999017984,38067453952
69.3117369999527,62001553408,38019567616
70.31234159995802,61879218176,37734502400
71.31309119996149,61956784128,37727088640
72.31360779999522,61857202176,37724291072
73.31425239995588,62061248512,37879513088
74.31481640000129,61938552832,37685428224
75.31553669995628,61904601088,37545951232
76.3159914999851,61896626176,37380034560
77.31671509996522,61879660544,37231194112
78.31780659995275,61876649984,37051056128
79.31826859997818,61868736512,36906991616
80.3190141999512,60358557696,36916367360
81.319660499983,60424736768,37031358464
