utc,physical_available,commit_available,phase
2026-10-10T12:51:01.601784+00:00,120937185280,125501050880,prepare
2026-10-10T12:51:02.602598+00:00,120724684800,125256126464,prepare
2026-10-10T12:51:03.603150+00:00,120828473344,125358624768,prepare
2026-10-10T12:51:04.603660+00:00,120804696064,125354180608,prepare
2026-10-10T12:51:05.604450+00:00,120552222720,125113479168,prepare
2026-10-10T12:51:06.605104+00:00,119886651392,123694157824,prepare
2026-10-10T12:51:07.605701+00:00,118476136448,122094313472,prepare
2026-10-10T12:51:08.606197+00:00,118619217920,120679608320,prepare
2026-10-10T12:51:09.607073+00:00,118143037440,120159166464,prepare
2026-10-10T12:51:10.607788+00:00,117638062080,119587594240,prepare
2026-10-10T12:51:11.608377+00:00,117049323520,118954815488,prepare
2026-10-10T12:51:12.609407+00:00,116532457472,118384173056,prepare
2026-10-10T12:51:13.609851+00:00,115331674112,113973796864,prepare
2026-10-10T12:51:14.610258+00:00,114624368640,112057528320,prepare
2026-10-10T12:51:15.610592+00:00,109369540608,61883682816,prepare
2026-10-10T12:51:16.611110+00:00,97963724800,61887524864,prepare
2026-10-10T12:51:17.611920+00:00,86496501760,61886361600,prepare
2026-10-10T12:51:18.612693+00:00,75011436544,61886509056,prepare
2026-10-10T12:51:19.613569+00:00,64495730688,61667254272,prepare
2026-10-10T12:51:20.614238+00:00,64237096960,61589684224,prepare
2026-10-10T12:51:21.614540+00:00,64118448128,61434077184,prepare
2026-10-10T12:51:22.615627+00:00,64059568128,61355606016,prepare
2026-10-10T12:51:23.616567+00:00,64059486208,61355663360,prepare
2026-10-10T12:51:24.617419+00:00,64056557568,61354090496,prepare
2026-10-10T12:51:25.618039+00:00,64068177920,61365088256,prepare
2026-10-10T12:51:26.618584+00:00,64029216768,61362573312,prepare
2026-10-10T12:51:27.619048+00:00,64000212992,61362720768,prepare
2026-10-10T12:51:28.619667+00:00,64000122880,61362884608,prepare
2026-10-10T12:51:29.620843+00:00,63999963136,61362507776,prepare
2026-10-10T12:51:30.621617+00:00,64005115904,61370568704,prepare
2026-10-10T12:51:31.680733+00:00,63997140992,61370011648,prepare
2026-10-10T12:51:32.681875+00:00,63996436480,61373259776,prepare
2026-10-10T12:51:33.682935+00:00,63996149760,61373591552,prepare
2026-10-10T12:51:34.683986+00:00,63996702720,61374062592,prepare
2026-10-10T12:51:35.761666+00:00,63995981824,61371023360,prepare
2026-10-10T12:51:36.762530+00:00,63996055552,61370781696,prepare
2026-10-10T12:51:37.763543+00:00,63999148032,61372923904,prepare
2026-10-10T12:51:38.763892+00:00,63993757696,61372084224,prepare
2026-10-10T12:51:39.764875+00:00,63982043136,61372272640,prepare
2026-10-10T12:51:40.765716+00:00,63981314048,61371674624,prepare
2026-10-10T12:51:41.766457+00:00,63983202304,61371834368,prepare
2026-10-10T12:51:42.767341+00:00,63982026752,61370986496,prepare
2026-10-10T12:51:43.767848+00:00,63981752320,61370130432,prepare
2026-10-10T12:51:44.768631+00:00,63984517120,61373038592,prepare
2026-10-10T12:51:45.769402+00:00,63981268992,61372698624,prepare
2026-10-10T12:51:46.769926+00:00,63976034304,61360521216,prepare
2026-10-10T12:51:47.770518+00:00,63974948864,61360340992,prepare
2026-10-10T12:51:48.771290+00:00,63974641664,61361410048,prepare
2026-10-10T12:51:49.771997+00:00,63973306368,61360193536,prepare
2026-10-10T12:51:50.772441+00:00,63972048896,61359636480,prepare
2026-10-10T12:51:51.773088+00:00,63974019072,61362212864,prepare
2026-10-10T12:51:52.814008+00:00,63973883904,61363220480,prepare
2026-10-10T12:51:53.815036+00:00,63973097472,61363302400,prepare
2026-10-10T12:51:54.815850+00:00,63974764544,61363998720,prepare
2026-10-10T12:51:55.816845+00:00,63973126144,61362556928,prepare
2026-10-10T12:51:56.927174+00:00,64088403968,61482721280,prepare
2026-10-10T12:51:57.927973+00:00,64160772096,44430966784,prepare
2026-10-10T12:51:58.928583+00:00,64160808960,44433403904,prepare
2026-10-10T12:51:59.929339+00:00,64160763904,44433354752,prepare
2026-10-10T12:52:00.929999+00:00,63599153152,43695558656,prepare
2026-10-10T12:52:01.930922+00:00,62845837312,42341744640,prepare
2026-10-10T12:52:02.939739+00:00,62852464640,42357477376,ready
2026-10-10T12:52:02.948462+00:00,62852612096,42355163136,benchmark
2026-10-10T12:52:03.948989+00:00,62822862848,42323349504,benchmark
2026-10-10T12:52:04.949657+00:00,62821679104,42326310912,benchmark
2026-10-10T12:52:05.950079+00:00,62820904960,42329640960,benchmark
2026-10-10T12:52:06.950410+00:00,62823587840,42330361856,benchmark
2026-10-10T12:52:07.951126+00:00,62726660096,42198327296,benchmark
2026-10-10T12:52:08.951466+00:00,62598696960,42021826560,benchmark
2026-10-10T12:52:09.952046+00:00,62610632704,42039730176,benchmark
2026-10-10T12:52:10.952684+00:00,62583623680,41997950976,benchmark
2026-10-10T12:52:11.953116+00:00,62595907584,42026782720,benchmark
2026-10-10T12:52:12.953731+00:00,62540840960,41955803136,benchmark
2026-10-10T12:52:13.954229+00:00,62548062208,41985314816,benchmark
2026-10-10T12:52:14.954910+00:00,62326505472,41728241664,benchmark
2026-10-10T12:52:15.956082+00:00,62361702400,41719365632,benchmark
2026-10-10T12:52:16.956947+00:00,62363631616,41724047360,benchmark
2026-10-10T12:52:17.957341+00:00,62364360704,41724444672,benchmark
2026-10-10T12:52:18.958191+00:00,62364311552,41724780544,benchmark
2026-10-10T12:52:19.958767+00:00,62364344320,41724334080,benchmark
2026-10-10T12:52:20.959644+00:00,62364344320,41724239872,benchmark
2026-10-10T12:52:21.960067+00:00,62365601792,41724362752,benchmark
2026-10-10T12:52:22.960739+00:00,62306668544,41626402816,benchmark
2026-10-10T12:52:23.961203+00:00,62362808320,41712918528,benchmark
2026-10-10T12:52:24.961692+00:00,62364385280,41717862400,benchmark
2026-10-10T12:52:25.962256+00:00,62364614656,41720934400,benchmark
2026-10-10T12:52:26.962693+00:00,62367268864,41718996992,benchmark
2026-10-10T12:52:27.963218+00:00,62380036096,41735720960,benchmark
2026-10-10T12:52:28.963959+00:00,62379204608,41735991296,benchmark
2026-10-10T12:52:29.964330+00:00,62318055424,41631404032,benchmark
2026-10-10T12:52:30.964756+00:00,62481416192,41833484288,benchmark
2026-10-10T12:52:31.965376+00:00,62484369408,41841725440,benchmark
2026-10-10T12:52:32.966031+00:00,62486913024,41843818496,benchmark
2026-10-10T12:52:33.966605+00:00,62488199168,41843892224,benchmark
2026-10-10T12:52:34.967114+00:00,62480510976,41836183552,benchmark
2026-10-10T12:52:35.967453+00:00,62480793600,41836253184,benchmark
2026-10-10T12:52:36.968295+00:00,62366642176,41715068928,benchmark
2026-10-10T12:52:37.969115+00:00,62363545600,41695207424,benchmark
2026-10-10T12:52:38.969853+00:00,62306119680,41635155968,benchmark
2026-10-10T12:52:39.970592+00:00,62345113600,41686351872,benchmark
2026-10-10T12:52:40.971277+00:00,62345490432,41689243648,benchmark
2026-10-10T12:52:41.971893+00:00,62330810368,41672224768,benchmark
2026-10-10T12:52:42.972724+00:00,62288396288,41595715584,benchmark
2026-10-10T12:52:43.973433+00:00,62309232640,41641725952,benchmark
2026-10-10T12:52:44.973951+00:00,62302982144,41620307968,benchmark
2026-10-10T12:52:45.974434+00:00,62253240320,41587646464,benchmark
2026-10-10T12:52:46.975168+00:00,62219571200,41552211968,benchmark
2026-10-10T12:52:47.975728+00:00,62315008000,41655554048,benchmark
2026-10-10T12:52:48.976000+00:00,62320648192,41661820928,benchmark
2026-10-10T12:52:49.976465+00:00,62253694976,41551003648,benchmark
2026-10-10T12:52:50.976975+00:00,62428016640,41764311040,benchmark
2026-10-10T12:52:51.977594+00:00,62423068672,41766064128,benchmark
2026-10-10T12:52:52.977901+00:00,62428995584,41771016192,benchmark
2026-10-10T12:52:53.978560+00:00,62429917184,41773776896,benchmark
2026-10-10T12:52:54.978920+00:00,62430322688,41773850624,benchmark
2026-10-10T12:52:55.979626+00:00,62431731712,41774333952,benchmark
2026-10-10T12:52:56.980065+00:00,62319550464,41661906944,benchmark
2026-10-10T12:52:57.980592+00:00,62317555712,41662214144,benchmark
2026-10-10T12:52:58.981098+00:00,62324756480,41670627328,benchmark
2026-10-10T12:52:59.981882+00:00,62322106368,41670807552,benchmark
2026-10-10T12:53:00.982539+00:00,62317076480,41662070784,benchmark
2026-10-10T12:53:01.983117+00:00,62323298304,41670045696,benchmark
2026-10-10T12:53:02.984147+00:00,62246027264,41557254144,benchmark
2026-10-10T12:53:03.984684+00:00,62320336896,41663414272,benchmark
2026-10-10T12:53:04.985418+00:00,62321065984,41667526656,benchmark
2026-10-10T12:53:05.986087+00:00,62322151424,41669300224,benchmark
2026-10-10T12:53:06.986795+00:00,62324113408,41667637248,benchmark
2026-10-10T12:53:07.987351+00:00,62324322304,41669922816,benchmark
2026-10-10T12:53:08.987994+00:00,62325391360,41668673536,benchmark
2026-10-10T12:53:09.988803+00:00,62228619264,41536692224,benchmark
2026-10-10T12:53:10.989290+00:00,62429454336,41745903616,benchmark
2026-10-10T12:53:11.989570+00:00,62431715328,41776594944,benchmark
2026-10-10T12:53:12.990166+00:00,62434504704,41779683328,benchmark
2026-10-10T12:53:13.990732+00:00,62435229696,41775992832,benchmark
2026-10-10T12:53:14.991431+00:00,62434254848,41775255552,benchmark
2026-10-10T12:53:15.992273+00:00,62437236736,41778081792,benchmark
2026-10-10T12:53:16.992853+00:00,62324948992,41664368640,benchmark
2026-10-10T12:53:17.993423+00:00,62322339840,41664802816,benchmark
2026-10-10T12:53:18.994039+00:00,62322356224,41664958464,benchmark
2026-10-10T12:53:19.994353+00:00,62322462720,41665245184,benchmark
2026-10-10T12:53:20.994864+00:00,62322630656,41666138112,benchmark
2026-10-10T12:53:21.995485+00:00,62322085888,41665118208,benchmark
2026-10-10T12:53:22.996071+00:00,62303248384,41618677760,benchmark
2026-10-10T12:53:23.996711+00:00,62326206464,41662107648,benchmark
2026-10-10T12:53:24.997056+00:00,62319497216,41661235200,benchmark
2026-10-10T12:53:25.997766+00:00,62326366208,41668087808,benchmark
2026-10-10T12:53:26.998483+00:00,62326513664,41668931584,benchmark
2026-10-10T12:53:27.998935+00:00,62326312960,41664860160,benchmark
2026-10-10T12:53:28.999337+00:00,62307397632,41615470592,benchmark
2026-10-10T12:53:30.000077+00:00,62442741760,41783189504,benchmark
2026-10-10T12:53:31.000686+00:00,62440968192,41786740736,benchmark
2026-10-10T12:53:32.001094+00:00,62439620608,41781018624,benchmark
2026-10-10T12:53:33.001442+00:00,62442717184,41785724928,benchmark
2026-10-10T12:53:34.001722+00:00,62440849408,41784201216,benchmark
2026-10-10T12:53:35.002384+00:00,62446923776,41785503744,benchmark
2026-10-10T12:53:36.002971+00:00,62332899328,41662586880,benchmark
2026-10-10T12:53:37.003638+00:00,62333108224,41663549440,benchmark
2026-10-10T12:53:38.004060+00:00,62370181120,41694896128,benchmark
2026-10-10T12:53:39.004726+00:00,62358671360,41689833472,benchmark
2026-10-10T12:53:40.005067+00:00,62358941696,41689989120,benchmark
2026-10-10T12:53:41.005596+00:00,62366220288,41697484800,benchmark
2026-10-10T12:53:42.006133+00:00,62343335936,41642635264,benchmark
2026-10-10T12:53:43.006707+00:00,62345621504,41675771904,benchmark
2026-10-10T12:53:44.007508+00:00,62350057472,41684779008,benchmark
2026-10-10T12:53:45.007951+00:00,62353141760,41684996096,benchmark
2026-10-10T12:53:46.008708+00:00,62365151232,41700446208,benchmark
2026-10-10T12:53:47.009391+00:00,62365622272,41700450304,benchmark
2026-10-10T12:53:48.009924+00:00,62370287616,41700421632,benchmark
2026-10-10T12:53:49.010368+00:00,62292709376,41580974080,benchmark
2026-10-10T12:53:50.011091+00:00,62482464768,41816768512,benchmark
2026-10-10T12:53:51.011478+00:00,62470746112,41805672448,benchmark
2026-10-10T12:53:52.012059+00:00,62468296704,41805869056,benchmark
2026-10-10T12:53:53.012559+00:00,62469664768,41806520320,benchmark
2026-10-10T12:53:54.012821+00:00,62470557696,41809395712,benchmark
2026-10-10T12:53:55.013290+00:00,62470950912,41808498688,benchmark
2026-10-10T12:53:56.014117+00:00,62357585920,41692258304,benchmark
2026-10-10T12:53:57.014876+00:00,62356234240,41689477120,benchmark
2026-10-10T12:53:58.015242+00:00,62357061632,41690660864,benchmark
2026-10-10T12:53:59.015863+00:00,62353260544,41680326656,benchmark
2026-10-10T12:54:00.016260+00:00,62351331328,41680707584,benchmark
2026-10-10T12:54:01.017048+00:00,62347939840,41674379264,benchmark
2026-10-10T12:54:02.017712+00:00,62388310016,41693892608,benchmark
2026-10-10T12:54:03.018435+00:00,62394359808,41727242240,benchmark
2026-10-10T12:54:04.019074+00:00,62392721408,41729613824,benchmark
2026-10-10T12:54:05.019645+00:00,62392393728,41729318912,benchmark
2026-10-10T12:54:06.020336+00:00,62393884672,41729495040,benchmark
2026-10-10T12:54:07.021010+00:00,62393929728,41730473984,benchmark
2026-10-10T12:54:08.021743+00:00,62435106816,41770983424,benchmark
2026-10-10T12:54:09.022232+00:00,62334382080,41649364992,benchmark
2026-10-10T12:54:10.023807+00:00,62531969024,41874825216,benchmark
2026-10-10T12:54:11.024845+00:00,62412660736,41761837056,benchmark
2026-10-10T12:54:12.025224+00:00,62411476992,41759371264,benchmark
2026-10-10T12:54:13.026388+00:00,62412656640,41759576064,benchmark
2026-10-10T12:54:14.026914+00:00,62412607488,41759940608,benchmark
2026-10-10T12:54:15.027182+00:00,62412853248,41760911360,benchmark
2026-10-10T12:54:16.027757+00:00,62412914688,41760231424,benchmark
2026-10-10T12:54:17.028395+00:00,62318944256,41633673216,benchmark
2026-10-10T12:54:18.028748+00:00,62430375936,41780703232,benchmark
2026-10-10T12:54:19.029462+00:00,62430490624,41780367360,benchmark
2026-10-10T12:54:20.029727+00:00,62431584256,41781899264,benchmark
2026-10-10T12:54:21.030346+00:00,62432104448,41781731328,benchmark
2026-10-10T12:54:22.030913+00:00,62432018432,41782046720,benchmark
2026-10-10T12:54:23.031866+00:00,62429134848,41780154368,benchmark
2026-10-10T12:54:24.033042+00:00,62426222592,41773875200,benchmark
2026-10-10T12:54:25.033460+00:00,62545870848,41890615296,benchmark
2026-10-10T12:54:26.033963+00:00,62429900800,41775722496,benchmark
2026-10-10T12:54:27.034452+00:00,62430318592,41776943104,benchmark
2026-10-10T12:54:28.035084+00:00,62430408704,41776529408,benchmark
2026-10-10T12:54:29.035427+00:00,62430380032,41777127424,benchmark
2026-10-10T12:54:30.036080+00:00,62430867456,41777557504,benchmark
2026-10-10T12:54:31.036467+00:00,62411071488,41716707328,benchmark
2026-10-10T12:54:32.037053+00:00,62426796032,41774710784,benchmark
2026-10-10T12:54:33.037647+00:00,62426083328,41773051904,benchmark
2026-10-10T12:54:34.038038+00:00,62427947008,41773731840,benchmark
2026-10-10T12:54:35.038703+00:00,62428139520,41773244416,benchmark
2026-10-10T12:54:36.039426+00:00,62428680192,41773780992,benchmark
2026-10-10T12:54:37.040014+00:00,62428925952,41773096960,benchmark
2026-10-10T12:54:38.040361+00:00,62352523264,41655660544,benchmark
2026-10-10T12:54:39.042397+00:00,62541819904,41886740480,benchmark
2026-10-10T12:54:40.043175+00:00,62426329088,41771327488,benchmark
2026-10-10T12:54:41.043685+00:00,62426583040,41771663360,benchmark
2026-10-10T12:54:42.043956+00:00,62426501120,41772163072,benchmark
2026-10-10T12:54:43.044249+00:00,62428438528,41774829568,benchmark
2026-10-10T12:54:44.044844+00:00,62428647424,41774759936,benchmark
2026-10-10T12:54:45.045618+00:00,62427631616,41742458880,benchmark
2026-10-10T12:54:46.046384+00:00,62413414400,41751642112,benchmark
2026-10-10T12:54:47.047020+00:00,62423867392,41766776832,benchmark
2026-10-10T12:54:48.047471+00:00,62426128384,41767751680,benchmark
2026-10-10T12:54:49.047761+00:00,62427000832,41768255488,benchmark
2026-10-10T12:54:50.048239+00:00,62405136384,41748373504,benchmark
2026-10-10T12:54:51.048651+00:00,62419472384,41760022528,benchmark
2026-10-10T12:54:52.049139+00:00,62417715200,41723584512,benchmark
2026-10-10T12:54:53.049521+00:00,62404567040,41747525632,benchmark
2026-10-10T12:54:54.050308+00:00,62411194368,41752793088,benchmark
2026-10-10T12:54:55.050930+00:00,62411984896,41752256512,benchmark
2026-10-10T12:54:56.051238+00:00,62413455360,41753235456,benchmark
2026-10-10T12:54:57.051823+00:00,62414114816,41754472448,benchmark
2026-10-10T12:54:58.052339+00:00,62415708160,41755385856,benchmark
2026-10-10T12:54:59.052953+00:00,62416605184,41756135424,benchmark
2026-10-10T12:55:00.053748+00:00,62316367872,41618235392,benchmark
2026-10-10T12:55:01.054063+00:00,62411124736,41753600000,benchmark
2026-10-10T12:55:02.054488+00:00,62411698176,41751146496,benchmark
2026-10-10T12:55:03.055341+00:00,62417018880,41759784960,benchmark
2026-10-10T12:55:04.055968+00:00,62417113088,41758437376,benchmark
2026-10-10T12:55:05.056767+00:00,62419714048,41761062912,benchmark
2026-10-10T12:55:06.057082+00:00,62420504576,41761615872,benchmark
2026-10-10T12:55:07.057626+00:00,62408556544,41738670080,benchmark
2026-10-10T12:55:08.058371+00:00,62417489920,41754361856,benchmark
2026-10-10T12:55:09.059014+00:00,62418108416,41756467200,benchmark
2026-10-10T12:55:10.059515+00:00,62419779584,41758826496,benchmark
2026-10-10T12:55:11.059820+00:00,62420148224,41758511104,benchmark
2026-10-10T12:55:12.060205+00:00,62419345408,41757601792,benchmark
2026-10-10T12:55:13.060789+00:00,62420619264,41760083968,benchmark
2026-10-10T12:55:14.061123+00:00,62349799424,41648558080,benchmark
2026-10-10T12:55:15.061888+00:00,62414520320,41755795456,benchmark
2026-10-10T12:55:16.062568+00:00,62417960960,41758543872,benchmark
2026-10-10T12:55:17.062956+00:00,62421553152,41761980416,benchmark
2026-10-10T12:55:18.063254+00:00,62422626304,41762275328,benchmark
2026-10-10T12:55:19.063564+00:00,62423519232,41763115008,benchmark
2026-10-10T12:55:20.064116+00:00,62424129536,41763364864,benchmark
2026-10-10T12:55:21.064767+00:00,62326726656,41629859840,benchmark
2026-10-10T12:55:22.065848+00:00,62536683520,41879859200,benchmark
2026-10-10T12:55:23.066494+00:00,62423584768,41765228544,benchmark
2026-10-10T12:55:24.067613+00:00,62423867392,41765335040,benchmark
2026-10-10T12:55:25.068010+00:00,62423265280,41763696640,benchmark
2026-10-10T12:55:26.068624+00:00,62424641536,41767882752,benchmark
2026-10-10T12:55:27.069392+00:00,62425051136,41767485440,benchmark
2026-10-10T12:55:28.069920+00:00,62425055232,41750269952,benchmark
2026-10-10T12:55:29.070309+00:00,62413111296,41755824128,benchmark
2026-10-10T12:55:30.071009+00:00,62424600576,41764618240,benchmark
2026-10-10T12:55:31.071422+00:00,62425296896,41763930112,benchmark
2026-10-10T12:55:32.072100+00:00,62423957504,41764896768,benchmark
2026-10-10T12:55:33.072835+00:00,62426152960,41766752256,benchmark
2026-10-10T12:55:34.073562+00:00,62428672000,41770078208,benchmark
