utc,pcie_tx_KB_s,pcie_rx_KB_s,sm_MHz,memory_MHz,power_mW,gpu_C,pcie_gen,pcie_width
2026-10-09T17:42:44.052584+00:00,8447,64257,2010,9701,201798,66,3,8
2026-10-09T17:42:45.114225+00:00,24462,69433,2010,9701,195484,65,3,8
2026-10-09T17:42:46.169559+00:00,28222,1210693,2010,9701,197502,66,3,8
2026-10-09T17:42:47.238997+00:00,143017,202246,2010,9701,195042,66,3,8
2026-10-09T17:42:48.302068+00:00,338916,265625,2010,9701,221019,67,3,8
2026-10-09T17:42:49.362371+00:00,30859,63964,2010,9701,219812,68,3,8
2026-10-09T17:42:50.425703+00:00,23437,72998,2010,9701,224000,68,3,8
2026-10-09T17:42:51.488569+00:00,135839,49658,2010,9701,211316,68,3,8
2026-10-09T17:42:52.534759+00:00,38232,69824,2010,9701,218911,68,3,8
2026-10-09T17:42:53.598565+00:00,89599,758007,2010,9701,222145,68,3,8
2026-10-09T17:42:54.660720+00:00,153271,99267,1905,9701,295681,73,3,8
2026-10-09T17:42:55.722570+00:00,0,0,2010,9701,200891,65,3,8
2026-10-09T17:42:56.792661+00:00,252539,2199902,2010,9701,192786,67,3,8
2026-10-09T17:42:57.852352+00:00,28906,181347,2010,9701,194460,67,3,8
2026-10-09T17:42:58.912710+00:00,43896,6950341,2010,9701,201848,69,3,8
2026-10-09T17:42:59.970716+00:00,685400,4553515,2010,9701,266525,71,3,8
2026-10-09T17:43:01.049868+00:00,20898,57080,1920,9701,273508,73,3,8
2026-10-09T17:43:02.118067+00:00,42089,54833,1995,9701,261454,71,3,8
2026-10-09T17:43:03.181426+00:00,120263,98632,1920,9701,269033,74,3,8
2026-10-09T17:43:04.237962+00:00,225000,946484,1830,9701,343860,77,3,8
2026-10-09T17:43:05.314962+00:00,62451,1417822,1710,9701,328967,76,3,8
2026-10-09T17:43:06.377345+00:00,161572,146,1875,9701,319899,77,3,8
2026-10-09T17:43:07.440605+00:00,1084863,6586523,1995,9701,216311,68,3,8
2026-10-09T17:43:08.505147+00:00,370996,2130371,1995,9701,248528,73,3,8
2026-10-09T17:43:09.581923+00:00,267626,205615,1890,9701,339099,77,3,8
2026-10-09T17:43:10.642813+00:00,138623,97607,1770,9701,332312,76,3,8
2026-10-09T17:43:11.703690+00:00,50439,79248,1755,9701,326821,77,3,8
2026-10-09T17:43:12.769625+00:00,342236,271142,1815,9701,311297,75,3,8
2026-10-09T17:43:13.830633+00:00,11474,1171,1785,9701,332471,76,3,8
2026-10-09T17:43:14.895438+00:00,1131152,9006298,2010,9701,192528,67,3,8
2026-10-09T17:43:15.951938+00:00,1531542,10583349,1965,9701,219201,70,3,8
2026-10-09T17:43:17.018275+00:00,1231054,10095165,1905,9701,243362,71,3,8
2026-10-09T17:43:18.080782+00:00,1197363,6802832,1995,9701,234487,70,3,8
2026-10-09T17:43:19.132935+00:00,1214062,10260693,1950,9701,236992,69,3,8
2026-10-09T17:43:20.195640+00:00,731542,10985742,1995,9701,226969,69,3,8
2026-10-09T17:43:21.253885+00:00,885839,2291113,1965,9701,216408,70,3,8
2026-10-09T17:43:22.317081+00:00,244433,10101269,1890,9701,320334,74,3,8
2026-10-09T17:43:23.378202+00:00,260009,7018847,1965,9701,336037,75,3,8
2026-10-09T17:43:24.440274+00:00,469677,796630,1815,9701,343899,76,3,8
2026-10-09T17:43:25.503605+00:00,134179,135351,1830,9701,331747,75,3,8
2026-10-09T17:43:26.564802+00:00,547607,2175292,1815,9701,340795,76,3,8
2026-10-09T17:43:27.644157+00:00,1171,48,1995,9701,251976,67,3,8
2026-10-09T17:43:28.706309+00:00,1194726,10551220,1935,9701,211024,70,3,8
2026-10-09T17:43:29.768986+00:00,1143603,10537011,1995,9701,243339,70,3,8
2026-10-09T17:43:30.830375+00:00,1194287,10278613,1995,9701,237671,69,3,8
2026-10-09T17:43:31.894411+00:00,1107031,10409228,1995,9701,232472,68,3,8
2026-10-09T17:43:32.955543+00:00,958593,10541357,1995,9701,232762,69,3,8
2026-10-09T17:43:34.018137+00:00,594580,3744335,1995,9701,217913,67,3,8
2026-10-09T17:43:35.084651+00:00,734765,3331201,1995,9701,259710,72,3,8
2026-10-09T17:43:36.149071+00:00,809082,4942626,1920,9701,337613,75,3,8
2026-10-09T17:43:37.205458+00:00,496679,434179,1830,9701,344031,75,3,8
2026-10-09T17:43:38.269115+00:00,103466,7110058,1860,9701,340574,75,3,8
2026-10-09T17:43:39.331824+00:00,44189,389697,1830,9701,341576,76,3,8
2026-10-09T17:43:40.396308+00:00,0,97,1830,9701,328978,75,3,8
2026-10-09T17:43:41.469320+00:00,1248242,10917529,2010,9701,203993,68,3,8
2026-10-09T17:43:42.534782+00:00,1329931,10657373,1965,9701,241872,69,3,8
2026-10-09T17:43:43.595800+00:00,1257812,10050976,1995,9701,237748,70,3,8
2026-10-09T17:43:44.658963+00:00,1218017,10720361,1995,9701,232812,68,3,8
2026-10-09T17:43:45.722796+00:00,1108593,10765820,2010,9701,234142,68,3,8
2026-10-09T17:43:46.784108+00:00,1277001,9595019,1995,9701,224093,67,3,8
2026-10-09T17:43:47.846457+00:00,114160,1082958,1920,9701,246381,73,3,8
2026-10-09T17:43:48.910624+00:00,428710,8887060,1830,9701,335439,74,3,8
2026-10-09T17:43:49.972105+00:00,116894,5186572,1965,9701,330274,75,3,8
2026-10-09T17:43:51.034495+00:00,16162,54150,1830,9701,340276,75,3,8
2026-10-09T17:43:52.081789+00:00,227099,3240283,1980,9701,303415,73,3,8
2026-10-09T17:43:53.144529+00:00,69970,196533,1845,9701,338758,75,3,8
2026-10-09T17:43:54.197068+00:00,341,97,1980,9701,322508,70,3,8
2026-10-09T17:43:55.254116+00:00,1108251,10535791,1980,9701,187672,68,3,8
2026-10-09T17:43:56.314524+00:00,1171923,10042773,1995,9701,243359,70,3,8
2026-10-09T17:43:57.376887+00:00,1209570,10906298,1905,9701,237169,70,3,8
2026-10-09T17:43:58.441321+00:00,1144238,10931396,1950,9701,235861,68,3,8
2026-10-09T17:43:59.503720+00:00,1152539,10192871,1995,9701,231304,68,3,8
2026-10-09T17:44:00.564771+00:00,1204443,10597119,2010,9701,228440,68,3,8
2026-10-09T17:44:01.628410+00:00,42724,5629736,1950,9701,283525,73,3,8
2026-10-09T17:44:02.691831+00:00,475195,743212,1980,9701,253719,71,3,8
2026-10-09T17:44:03.738325+00:00,268310,2334765,1845,9701,335404,74,3,8
2026-10-09T17:44:04.799160+00:00,489160,5328271,1965,9701,342757,74,3,8
2026-10-09T17:44:05.863107+00:00,451904,3019042,1905,9701,333358,75,3,8
2026-10-09T17:44:06.925704+00:00,375146,881689,1830,9701,337658,75,3,8
2026-10-09T17:44:07.988423+00:00,48,97,1845,9701,337137,74,3,8
2026-10-09T17:44:09.050859+00:00,1195410,10181445,1815,9701,193477,70,3,8
2026-10-09T17:44:10.112638+00:00,1197900,11516015,1995,9701,243977,69,3,8
2026-10-09T17:44:11.178531+00:00,1018896,10494287,1995,9701,236961,69,3,8
2026-10-09T17:44:12.236540+00:00,1210205,10948974,2010,9701,232377,69,3,8
2026-10-09T17:44:13.301343+00:00,1132226,10610839,1995,9701,232477,68,3,8
2026-10-09T17:44:14.362554+00:00,1181933,10736523,2010,9701,219232,66,3,8
2026-10-09T17:44:15.425669+00:00,476464,3671630,1935,9701,261070,73,3,8
2026-10-09T17:44:16.487799+00:00,84765,483593,1920,9701,337891,74,3,8
2026-10-09T17:44:17.549725+00:00,81298,1300244,1860,9701,343780,75,3,8
2026-10-09T17:44:18.612533+00:00,486767,2457275,1935,9701,339250,74,3,8
2026-10-09T17:44:19.675963+00:00,170703,3194824,1875,9701,332652,76,3,8
2026-10-09T17:44:20.736741+00:00,0,0,1965,9701,341238,73,3,8
2026-10-09T17:44:21.799574+00:00,1212158,10733984,1905,9701,191560,69,3,8
2026-10-09T17:44:22.863400+00:00,1121582,10329003,1995,9701,244666,70,3,8
2026-10-09T17:44:23.924109+00:00,1258886,10319140,1935,9701,238605,69,3,8
2026-10-09T17:44:24.987778+00:00,1192822,10607324,1995,9701,237484,68,3,8
2026-10-09T17:44:26.051107+00:00,1160009,10732275,1995,9701,233475,69,3,8
2026-10-09T17:44:27.113381+00:00,1204296,10506787,2010,9701,219114,66,3,8
2026-10-09T17:44:28.176563+00:00,640478,5659082,1995,9701,220207,71,3,8
2026-10-09T17:44:29.221280+00:00,279492,6838867,1830,9701,328713,74,3,8
2026-10-09T17:44:30.269369+00:00,278320,1921044,1845,9701,338574,75,3,8
2026-10-09T17:44:31.332624+00:00,81884,1756250,1845,9701,337161,75,3,8
2026-10-09T17:44:32.394728+00:00,91992,5041992,1830,9701,329689,75,3,8
2026-10-09T17:44:33.457081+00:00,302832,477832,1860,9701,337570,75,3,8
2026-10-09T17:44:34.515149+00:00,60400,97,1830,9701,340553,76,3,8
2026-10-09T17:44:35.576032+00:00,0,0,2010,9701,192623,66,3,8
2026-10-09T17:44:36.628053+00:00,1464,0,360,5001,120386,59,3,8
