Time (%),Total Time (ns),Instances,Avg (ns),Med (ns),Min (ns),Max (ns),StdDev (ns),Name
30.7,4204507742,72879,57691.6,2560.0,2208,23429377,431399.6,"strata::kernels::<unnamed>::wait_flag_ge_kernel(const volatile unsigned int *, unsigned int)"
8.5,1158644939,24293,47694.6,1216.0,1152,2341508,156779.0,"strata::kernels::<unnamed>::fetch_blobs_kernel(const unsigned long long *, const int *, uint4 *, long long)"
6.8,929305807,37734,24627.8,18368.0,3008,1044803,61897.8,"void strata::kernels::<unnamed>::native_q6_k_mmvq_kernel<(bool)0>(const strata::kernels::<unnamed>::Q6KBlock *, const strata::kernels::<unnamed>::Q81Block *, float *, int, int)"
3.4,460394159,505104,911.5,896.0,832,2176,67.2,"void strata::kernels::<unnamed>::gpu_stamp_kernel<(bool)0>(unsigned long long *, int)"
3.0,410608126,39476,10401.5,6224.0,1056,424961,10367.4,"void strata::kernels::<unnamed>::native_down_multi_kernel<(int)20, (bool)1>(const unsigned long long *, const int *, const int *, const int *, const block_q8_1 *, strata::kernels::NativeExpertLayout, float *)"
2.6,362200428,30054,12051.7,11968.0,10784,339393,2696.7,"void strata::kernels::<unnamed>::gr_up_multi_kernel<(int)1, (bool)1>(strata::kernels::<unnamed>::GrMulti)"
2.2,301764565,6898,43746.7,40608.0,38784,305057,7532.2,"void strata::kernels::<unnamed>::attn_chunk_kernel<(int)1, (bool)0>(const float *, strata::kernels::QsaAttnPools, const int *, const int *, int, int, float, float *, float *, float *, int, int, long long)"
2.2,299584594,30054,9968.2,9888.0,9504,293984,2246.9,"void strata::kernels::<unnamed>::gr_down_staged_kernel<(int)1, (bool)1>(strata::kernels::<unnamed>::GrMulti)"
2.0,272483577,20248,13457.3,8800.0,1088,484705,14449.3,"void strata::kernels::<unnamed>::native_gu_multi_kernel<(int)22, (bool)1, (bool)1>(const unsigned long long *, const int *, const int *, const int *, const block_q8_1 *, strata::kernels::NativeExpertLayout, float *, float *)"
1.9,254924657,17206,14816.0,10176.0,1184,493249,15569.4,"void strata::kernels::<unnamed>::native_gu_multi_kernel<(int)18, (bool)0, (bool)1>(const unsigned long long *, const int *, const int *, const int *, const block_q8_1 *, strata::kernels::NativeExpertLayout, float *, float *)"
1.6,221687255,10509,21095.0,4928.0,4384,772418,78085.4,"void strata::kernels::<unnamed>::native_mmvq_multi_kernel<strata::kernels::<unnamed>::Q6KTraits, (int)2, (int)4, (int)2, (bool)0, (bool)0>(const T1::Block *, const strata::kernels::<unnamed>::Q81Block *, float *, int, int, const T1::Block *, float *)"
1.3,177856401,51571,3448.8,3456.0,2880,11393,267.1,strata::kernels::<unnamed>::gr_norm_split_kernel(strata::kernels::<unnamed>::GrMulti)
1.2,161780893,11063,14623.6,14560.0,11521,32992,1101.8,"void strata::kernels::<unnamed>::gr_up_multi_kernel<(int)2, (bool)1>(strata::kernels::<unnamed>::GrMulti)"
1.2,159817934,10120,15792.3,11312.0,1088,490625,16851.0,"void strata::kernels::<unnamed>::native_gu_multi_kernel<(int)21, (bool)0, (bool)1>(const unsigned long long *, const int *, const int *, const int *, const block_q8_1 *, strata::kernels::NativeExpertLayout, float *, float *)"
1.1,153655979,11063,13889.2,13728.0,13120,282209,3850.1,"void strata::kernels::<unnamed>::gr_down_staged_kernel<(int)2, (bool)1>(strata::kernels::<unnamed>::GrMulti)"
1.1,151005248,36558,4130.6,4768.0,1760,605953,6203.5,"void strata::kernels::<unnamed>::bf16_f32_mmvf_kernel<(int)256>(const float *, const unsigned short *, float *, int)"
1.1,148214789,6936,21368.9,21184.0,20128,348705,5236.6,"void strata::kernels::<unnamed>::gr_down_staged_kernel<(int)4, (bool)1>(strata::kernels::<unnamed>::GrMulti)"
1.1,145931425,24293,6007.1,5344.0,1568,229344,5439.1,"strata::kernels::copy_rows_from_mapped_kernel(float4 *, const volatile float4 *, long long, const int *, const int *)"
1.0,142068823,256,554956.3,511537.5,29024,22529472,1643473.3,"void strata::kernels::<unnamed>::dequant_kernel<(int)14, strata::kernels::<unnamed>::H16>(const unsigned char *, long long, long long, long long, long long, long long, T2 *)"
1.0,140401365,24294,5779.3,5120.0,3200,18048,2348.4,"strata::kernels::doorbell_publish_res_kernel(const float *, const int *, const int *, int, int, int, float *, int *, unsigned int *)"
1.0,138856893,2982,46565.0,32384.0,23040,1130210,102054.0,"void strata::kernels::<unnamed>::native_mmvq_il_kernel<strata::kernels::<unnamed>::IlQ6K, (int)4, (int)1>(const T1::F::Block *, const int *, const float *, float *, int, int)"
1.0,134341857,10012,13418.1,14464.0,2720,463361,10032.0,"void strata::kernels::<unnamed>::native_q5_k_mmvq_kernel<(bool)0>(const strata::kernels::<unnamed>::Q5KBlock *, const strata::kernels::<unnamed>::Q81Block *, float *, int, int)"
0.9,124977288,6936,18018.6,17984.0,15136,42208,1292.3,"void strata::kernels::<unnamed>::gr_up_multi_kernel<(int)4, (bool)1>(strata::kernels::<unnamed>::GrMulti)"
0.9,121803450,14233,8557.8,5600.0,3392,1717858,25097.8,"strata::prefill::mmq::<unnamed>::copy16_kernel(const uint4 *, long long, const uint4 *, long long, uint4 *, const uint4 *, long long, uint4 *)"
0.8,109563705,4068,26933.1,29568.0,20480,318336,5846.6,"void strata::kernels::<unnamed>::native_mmvq_il_kernel<strata::kernels::<unnamed>::IlQ6K, (int)2, (int)1>(const T1::F::Block *, const int *, const float *, float *, int, int)"
0.7,97368573,78595,1238.9,1184.0,1120,12352,303.1,"strata::kernels::<unnamed>::native_quantize_q8_1_kernel(const float *, strata::kernels::<unnamed>::Q81Block *, int)"
0.7,93638682,13450,6962.0,2880.0,2688,390049,6585.1,"void strata::kernels::<unnamed>::native_q4_k_mmvq_kernel<(bool)0>(const strata::kernels::<unnamed>::Q4KBlock *, const strata::kernels::<unnamed>::Q81Block *, float *, int, int)"
0.7,93069167,26034,3574.9,3488.0,1408,259072,1770.0,"strata::kernels::copy_i32_from_mapped_kernel(int *, const volatile int *, int)"
0.7,92988149,12018,7737.4,3872.0,3584,279489,6695.0,"void strata::kernels::<unnamed>::native_iq4_xs_mmvq_kernel<(bool)1>(const strata::kernels::<unnamed>::IQ4XSBlock *, const strata::kernels::<unnamed>::Q81Block *, float *, int, int)"
0.7,90342921,6177,14625.7,5376.0,4768,300800,10807.4,"void strata::kernels::<unnamed>::native_mmvq_multi_kernel<strata::kernels::<unnamed>::Q6KTraits, (int)4, (int)4, (int)2, (bool)0, (bool)0>(const T1::Block *, const strata::kernels::<unnamed>::Q81Block *, float *, int, int, const T1::Block *, float *)"
0.6,84917878,9110,9321.4,5232.0,1440,52640,9249.6,"void strata::kernels::<unnamed>::native_down_multi_kernel<(int)42, (bool)1>(const unsigned long long *, const int *, const int *, const int *, const block_q8_1 *, strata::kernels::NativeExpertLayout, float *)"
0.6,81259649,10301,7888.5,7872.0,7648,8672,63.2,"void strata::kernels::<unnamed>::gdn_step_norm_multi_kernel<(bool)0, (bool)0>(float *, const float *, int, const float *, const float *, const float *, const float *, float, float *, int, int, int, const int *, int, strata::kernels::<unnamed>::GdnQ81 *)"
0.6,80625137,48586,1659.4,1696.0,992,2624,547.8,"strata::kernels::<unnamed>::swiglu_q8_1_entries_kernel(const float *, const float *, const int *, const int *, int, block_q8_1 *)"
0.5,69391638,5250,13217.5,4672.0,3104,51712,13293.8,"void strata::kernels::<unnamed>::native_small_mmvq_kernel<strata::kernels::<unnamed>::Q80Block, (int)8, (bool)0>(const T1 *, const strata::kernels::<unnamed>::Q81Block *, float *, int, int)"
0.5,69219842,7920,8739.9,8448.0,6080,16960,1197.6,"void strata::kernels::<unnamed>::gdn_step_commit_kernel<(bool)0>(float *, const float *, int, const float *, const float *, int, int, const int *, int)"
0.5,68795331,13786,4990.2,5856.0,1984,64320,5692.4,"void strata::kernels::<unnamed>::bf16_f32_mmvf_multi_kernel<(int)256, (int)2, (bool)1>(const float *, long long, const unsigned short *, float *, long long, int, int)"
0.5,68644744,7920,8667.3,7616.0,7232,13408,1350.9,"void strata::kernels::<unnamed>::gdn_step_norm_multi_kernel<(bool)1, (bool)0>(float *, const float *, int, const float *, const float *, const float *, const float *, float, float *, int, int, int, const int *, int, strata::kernels::<unnamed>::GdnQ81 *)"
0.4,59138116,14559,4062.0,3968.0,3840,6720,431.6,"strata::kernels::<unnamed>::route(const float *, int *, float *)"
0.4,56062032,3323,16870.9,16672.0,13120,345953,7822.7,"void strata::kernels::<unnamed>::gr_up_multi_kernel<(int)3, (bool)1>(strata::kernels::<unnamed>::GrMulti)"
0.4,55096536,8662,6360.7,7616.0,2560,76768,7018.2,"void strata::kernels::<unnamed>::bf16_f32_mmvf_multi_kernel<(int)256, (int)4, (bool)1>(const float *, long long, const unsigned short *, float *, long long, int, int)"
0.3,46531426,13448,3460.1,3456.0,3264,3872,82.7,"void strata::kernels::<unnamed>::native_small_mmvq_kernel<strata::kernels::<unnamed>::IQ4NLBlock, (int)4, (bool)1>(const T1 *, const strata::kernels::<unnamed>::Q81Block *, float *, int, int)"
0.3,45879324,3323,13806.6,13696.0,13280,34016,1173.3,"void strata::kernels::<unnamed>::gr_down_staged_kernel<(int)3, (bool)1>(strata::kernels::<unnamed>::GrMulti)"
0.3,45638552,1921,23757.7,24768.0,16160,29440,3949.8,"void strata::kernels::<unnamed>::native_mmvq_il_kernel<strata::kernels::<unnamed>::IlQ5K, (int)2, (int)1>(const T1::F::Block *, const int *, const float *, float *, int, int)"
0.3,43908825,24293,1807.5,1760.0,1504,2784,238.0,"strata::kernels::<unnamed>::add_hits_kernel(float *, const float *, const int *, const int *, int)"
0.3,43758681,25118,1742.1,1728.0,1504,1984,44.4,"strata::kernels::<unnamed>::combine_k10_vec4(const float4 *, const float *, const float4 *, float4 *, long long)"
0.3,42648616,10560,4038.7,4032.0,3904,4448,62.8,"strata::kernels::<unnamed>::route_multi(const float *, int *, float *, int)"
0.3,41501550,4746,8744.5,3680.0,3392,28736,8128.5,"void strata::kernels::<unnamed>::native_mmvq_multi_kernel<strata::kernels::<unnamed>::IQ4XSTraits, (int)2, (int)4, (int)2, (bool)0, (bool)0>(const T1::Block *, const strata::kernels::<unnamed>::Q81Block *, float *, int, int, const T1::Block *, float *)"
0.3,39738640,6898,5760.9,3680.0,2976,28512,5667.7,"strata::kernels::<unnamed>::attn_merge_kernel(const float *, const float *, const float *, int, float *, long long)"
0.3,39053855,2958,13202.8,5088.0,4576,24736,8994.2,"void strata::kernels::<unnamed>::native_mmvq_multi_kernel<strata::kernels::<unnamed>::Q6KTraits, (int)3, (int)4, (int)2, (bool)0, (bool)0>(const T1::Block *, const strata::kernels::<unnamed>::Q81Block *, float *, int, int, const T1::Block *, float *)"
0.3,38134096,19694,1936.3,1888.0,1600,12319,369.7,"void strata::kernels::<unnamed>::norm_rope_kernel<(bool)0>(const float *, int, const float *, float *, int, int, float, float, float, float, float, float, float, const int *, const int *, strata::kernels::RopeTab)"
0.3,35705051,18221,1959.6,1920.0,1728,2720,133.0,"strata::kernels::<unnamed>::gdn_conv_l2_multi_kernel(float *, const float *, const float *, float *, int, int, float, int, bool)"
0.2,33779406,1224,27597.6,32032.0,19520,33472,5972.7,"void strata::kernels::<unnamed>::native_mmvq_il_kernel<strata::kernels::<unnamed>::IlQ6K, (int)3, (int)1>(const T1::F::Block *, const int *, const float *, float *, int, int)"
0.2,33776873,10301,3279.0,3264.0,3072,256608,2496.9,"void strata::kernels::<unnamed>::gdn_ab_multi_kernel<(int)1, (bool)1>(const float *, const unsigned short *, const unsigned short *, const float *, const float *, float *, float *, int, int, int)"
0.2,33325024,1278,26075.9,30208.0,19616,31872,5159.8,"void strata::kernels::<unnamed>::native_mmvq_il_kernel<strata::kernels::<unnamed>::IlQ5K, (int)4, (int)1>(const T1::F::Block *, const int *, const float *, float *, int, int)"
0.2,31651961,25119,1260.1,1248.0,1184,2240,127.5,"strata::kernels::<unnamed>::native_swiglu_quantize_q8_1_kernel(const float *, const float *, strata::kernels::<unnamed>::Q81Block *, int)"
0.2,30771583,24294,1266.6,1280.0,1184,1632,18.1,"strata::kernels::<unnamed>::quantize_q8_1_kernel(const float *, block_q8_1 *, long long)"
0.2,30623669,204,150116.0,46272.0,44416,676289,233382.6,"void strata::kernels::<unnamed>::native_mmvq_il_kernel<strata::kernels::<unnamed>::IlQ6K, (int)3, (int)2>(const T1::F::Block *, const int *, const float *, float *, int, int)"
0.2,29386161,25119,1169.9,1152.0,1088,1856,50.3,"strata::kernels::<unnamed>::sigmoid_scale_rows_vec4_kernel(float4 *, const float *, int)"
0.2,26268628,5311,4946.1,4929.0,4704,5280,83.1,"void strata::kernels::<unnamed>::native_mmvq_multi_kernel<strata::kernels::<unnamed>::SmallTraits<strata::kernels::<unnamed>::IQ4NLBlock, (int)4>, (int)2, (int)4, (int)2, (bool)0, (bool)0>(const T1::Block *, const strata::kernels::<unnamed>::Q81Block *, float *, int, int, const T1::Block *, float *)"
0.2,25849329,1469,17596.5,16416.0,14720,25440,2834.2,"void strata::kernels::<unnamed>::native_mmvq_il_kernel<strata::kernels::<unnamed>::IlQ4K, (int)2, (int)1>(const T1::F::Block *, const int *, const float *, float *, int, int)"
0.2,23985578,24293,987.3,960.0,928,247105,1579.3,"strata::kernels::<unnamed>::rebase_ptrs_kernel(unsigned long long *, const int *, unsigned long long, long long)"
0.2,23532835,1207,19497.0,17344.0,16128,32448,4037.1,"void strata::kernels::<unnamed>::native_mmvq_il_kernel<strata::kernels::<unnamed>::IlQ4K, (int)4, (int)1>(const T1::F::Block *, const int *, const float *, float *, int, int)"
0.2,23436337,6073,3859.1,3136.0,2432,8128,1462.5,"strata::kernels::<unnamed>::resolve_kernel(strata::kernels::KvStreamMap, const int *, const int *, int, int, int)"
0.2,22543783,4148,5434.9,6368.0,2272,65440,5915.4,"void strata::kernels::<unnamed>::bf16_f32_mmvf_multi_kernel<(int)256, (int)3, (bool)1>(const float *, long long, const unsigned short *, float *, long long, int, int)"
0.2,21816487,3337,6537.8,6528.0,6272,7040,105.6,"void strata::kernels::<unnamed>::native_mmvq_multi_kernel<strata::kernels::<unnamed>::SmallTraits<strata::kernels::<unnamed>::IQ4NLBlock, (int)4>, (int)4, (int)4, (int)2, (bool)0, (bool)0>(const T1::Block *, const strata::kernels::<unnamed>::Q81Block *, float *, int, int, const T1::Block *, float *)"
0.2,21525733,6073,3544.5,2976.0,2784,6976,879.9,"strata::kernels::<unnamed>::block_scores_multi_kernel(const float *, const float *, const float *, const int *, int, long long, float *, bool)"
0.2,20912292,8713,2400.1,2400.0,1248,263616,2978.6,"void strata::kernels::<unnamed>::append<(bool)0>(const float *, const int *, int, int, int, const float *, float, float *, float *, float *, int *, int, float, float, float, float, float, float, const int *, strata::kernels::RopeTab)"
0.2,20911497,70,298735.7,325760.0,29248,647682,235993.9,"void strata::kernels::<unnamed>::dequant_kernel<(int)13, strata::kernels::<unnamed>::H16>(const unsigned char *, long long, long long, long long, long long, long long, T2 *)"
0.1,20306919,96,211530.4,171200.5,168608,3663526,356143.4,void cutlass::Kernel2<cutlass_80_tensorop_s16816gemm_f16_256x64_32x4_tn_align8>(T1::Params)
0.1,20183869,3842,5253.5,4000.5,3776,16672,3428.4,"void strata::kernels::<unnamed>::native_mmvq_multi_kernel<strata::kernels::<unnamed>::Q4KTraits, (int)2, (int)4, (int)2, (bool)0, (bool)0>(const T1::Block *, const strata::kernels::<unnamed>::Q81Block *, float *, int, int, const T1::Block *, float *)"
0.1,19046342,923,20635.3,18112.0,17440,27136,3567.5,"void strata::kernels::<unnamed>::native_mmvq_il_kernel<strata::kernels::<unnamed>::IlIQ4XS, (int)4, (int)1>(const T1::F::Block *, const int *, const float *, float *, int, int)"
0.1,18386342,4068,4519.7,4512.0,4288,5025,84.6,"void strata::kernels::<unnamed>::gdn_ab_multi_kernel<(int)2, (bool)1>(const float *, const unsigned short *, const unsigned short *, const float *, const float *, float *, float *, int, int, int)"
0.1,17958240,6073,2957.1,1472.0,1408,283425,4312.5,"strata::kernels::<unnamed>::copy_kernel(strata::kernels::KvStreamMap, strata::kernels::<unnamed>::Runs)"
0.1,16612700,94,176730.9,36400.0,34368,2012194,255506.1,"void strata::kernels::<unnamed>::dequant_kernel<(int)12, strata::kernels::<unnamed>::H16>(const unsigned char *, long long, long long, long long, long long, long long, T2 *)"
0.1,16465306,504,32669.3,32480.5,30720,38432,1088.1,"strata::kernels::<unnamed>::sampler_split_part_kernel(const float *, int, const int *, int, strata::kernels::SamplerParams, int, int, int2 *)"
0.1,16295211,10131,1608.5,1344.0,1216,11169,896.3,"strata::kernels::copy_from_mapped_kernel(float4 *, const volatile float4 *, long long)"
0.1,16262650,1012,16069.8,6768.0,1120,82368,16566.6,"void strata::kernels::<unnamed>::native_gu_multi_kernel<(int)23, (bool)0, (bool)1>(const unsigned long long *, const int *, const int *, const int *, const block_q8_1 *, strata::kernels::NativeExpertLayout, float *, float *)"
0.1,16222772,7920,2048.3,1856.0,1376,6272,650.4,"strata::kernels::<unnamed>::gdn_conv_commit_kernel(float *, const float *, int, const int *)"
0.1,15904547,2556,6222.4,6208.0,5952,6688,102.7,"void strata::kernels::<unnamed>::gdn_ab_multi_kernel<(int)4, (bool)1>(const float *, const unsigned short *, const unsigned short *, const float *, const float *, float *, float *, int, int, int)"
0.1,15657876,60,260964.6,58928.0,12384,1011201,391040.7,"void mul_mat_q<(ggml_type)18, (int)16, (bool)0>(const char *, const int *, const int *, const int *, float *, float *, const float *, uint3, int, int, int, int, int, uint3, uint3, int, int, int, uint3, uint3, int, int, int, uint3)"
0.1,15198040,578,26294.2,27680.0,17088,34080,5128.2,"void strata::kernels::<unnamed>::native_mmvq_il_kernel<strata::kernels::<unnamed>::IlQ5K, (int)3, (int)1>(const T1::F::Block *, const int *, const float *, float *, int, int)"
0.1,14352022,84,170857.4,40016.0,32096,765441,210798.0,"void strata::kernels::<unnamed>::dequant_kernel<(int)23, strata::kernels::<unnamed>::H16>(const unsigned char *, long long, long long, long long, long long, long long, T2 *)"
0.1,13921877,6900,2017.7,1920.0,1728,9664,524.2,"void strata::kernels::<unnamed>::kv_append_q8_kernel<(bool)1>(signed char *, signed char *, unsigned short *, unsigned short *, const int *, const int *, const float *, const float *, int, int, int, strata::kernels::KvHostPools, int, int)"
0.1,13731737,2034,6751.1,4160.0,3808,16704,4948.4,"void strata::kernels::<unnamed>::native_mmvq_multi_kernel<strata::kernels::<unnamed>::Q5KTraits, (int)2, (int)4, (int)2, (bool)0, (bool)0>(const T1::Block *, const strata::kernels::<unnamed>::Q81Block *, float *, int, int, const T1::Block *, float *)"
0.1,13516119,10505,1286.6,1280.0,1216,1632,35.8,"strata::kernels::<unnamed>::native_q8_1_interleave_kernel(const strata::kernels::<unnamed>::Q81Block *, int *, int *, float *, int, int, int)"
0.1,13118323,108,121466.0,32704.0,7680,797601,242637.0,"void mul_mat_q<(ggml_type)20, (int)16, (bool)0>(const char *, const int *, const int *, const int *, float *, float *, const float *, uint3, int, int, int, int, int, uint3, uint3, int, int, int, uint3, uint3, int, int, int, uint3)"
0.1,11698311,825,14179.8,14208.0,13152,15648,492.0,"strata::kernels::<unnamed>::gu_grouped_t_kernel(const unsigned long long *, const int *, const int *, const int *, const unsigned char *, const float *, float *, int)"
0.1,11294996,96,117656.2,103392.0,101888,1347554,126964.4,ampere_s16816gemm_fp16_128x64_ldg8_stages_64x4_tn
0.1,11136306,119,93582.4,64352.0,13312,1008961,169574.2,"void mul_mat_q<(ggml_type)18, (int)24, (bool)0>(const char *, const int *, const int *, const int *, float *, float *, const float *, uint3, int, int, int, int, int, uint3, uint3, int, int, int, uint3, uint3, int, int, int, uint3)"
0.1,10721097,258,41554.6,34000.0,5600,1477378,128842.7,"void strata::kernels::<unnamed>::native_mmvq_multi_kernel<strata::kernels::<unnamed>::Q6KTraits, (int)6, (int)4, (int)2, (bool)0, (bool)0>(const T1::Block *, const strata::kernels::<unnamed>::Q81Block *, float *, int, int, const T1::Block *, float *)"
0.1,10302199,578,17823.9,15520.0,14848,30144,3844.8,"void strata::kernels::<unnamed>::native_mmvq_il_kernel<strata::kernels::<unnamed>::IlQ4K, (int)3, (int)1>(const T1::F::Block *, const int *, const float *, float *, int, int)"
0.1,10280967,894,11500.0,11776.0,4480,22688,2858.1,"void strata::kernels::<unnamed>::native_mmvq_multi_kernel<strata::kernels::<unnamed>::SmallTraits<strata::kernels::<unnamed>::Q80Block, (int)8>, (int)4, (int)4, (int)2, (bool)0, (bool)0>(const T1::Block *, const strata::kernels::<unnamed>::Q81Block *, float *, int, int, const T1::Block *, float *)"
0.1,10034643,2130,4711.1,4704.0,4448,5024,81.8,"void strata::kernels::<unnamed>::native_mmvq_multi_kernel<strata::kernels::<unnamed>::Q4KTraits, (int)4, (int)4, (int)2, (bool)0, (bool)0>(const T1::Block *, const strata::kernels::<unnamed>::Q81Block *, float *, int, int, const T1::Block *, float *)"
0.1,9998105,199,50241.7,35584.0,8192,800194,105889.8,"void mul_mat_q<(ggml_type)20, (int)24, (bool)0>(const char *, const int *, const int *, const int *, float *, float *, const float *, uint3, int, int, int, int, int, uint3, uint3, int, int, int, uint3, uint3, int, int, int, uint3)"
0.1,9491794,6898,1376.0,1344.0,1280,1728,73.9,"strata::kernels::<unnamed>::gate(const float *, const float *, float *, int, int)"
0.1,9057302,2059,4398.9,4416.0,4096,4768,104.8,"void strata::kernels::<unnamed>::native_mmvq_multi_kernel<strata::kernels::<unnamed>::IQ4XSTraits, (int)4, (int)4, (int)2, (bool)0, (bool)0>(const T1::Block *, const strata::kernels::<unnamed>::Q81Block *, float *, int, int, const T1::Block *, float *)"
0.1,8618095,1598,5393.1,5376.0,5152,5728,86.0,"void strata::kernels::<unnamed>::native_mmvq_multi_kernel<strata::kernels::<unnamed>::SmallTraits<strata::kernels::<unnamed>::IQ4NLBlock, (int)4>, (int)3, (int)4, (int)2, (bool)0, (bool)0>(const T1::Block *, const strata::kernels::<unnamed>::Q81Block *, float *, int, int, const T1::Block *, float *)"
0.1,8180111,2733,2993.1,2976.0,2432,3808,389.4,"void strata::kernels::<unnamed>::weighted_rms_norm<(int)1024>(const float *, const float *, float *, int, float)"
0.1,7973357,825,9664.7,7328.0,6944,21920,4439.1,"strata::kernels::<unnamed>::mtp_select_kernel(const float *, long long, const int *, const int *, float *, int *, int *, int, const float *, float *)"
0.1,7954477,1654,4809.2,4576.0,2592,16192,2692.5,"void strata::kernels::<unnamed>::norm<(int)1024>(const float *, const float *, float *, int, float)"
0.1,7693582,72,106855.3,88992.0,87776,1291618,141667.8,ampere_s1688gemm_fp16_256x64_sliced1x2_ldg8_tn
0.1,7427757,188,39509.3,34272.0,33600,1005697,70844.1,"strata::prefill::<unnamed>::gr_write_norm_rs_kernel(float *, const float *, const float *, long long, const float *, float, float *, unsigned short *, unsigned short *, long long)"
0.1,7365810,72,102302.9,92096.0,90816,747617,77255.3,"strata::prefill::<unnamed>::gdn_rec_kh_kernel(float *, const float *, const float *, const float *, float *, long long)"
0.1,7256974,6073,1195.0,1184.0,1120,1312,26.4,"strata::kernels::<unnamed>::block_topk_wide_kernel(const float *, const int *, long long, long long, int *)"
0.1,7255915,194,37401.6,32512.0,31744,482400,43954.8,ampere_s1688gemm_bf16_256x64_sliced1x2_ldg8_tn
0.1,7219174,1331,5423.9,5088.0,4864,11104,870.8,"strata::kernels::<unnamed>::argmax_rows_kernel(const float *, int, int, strata::kernels::<unnamed>::ArgRow *, int *)"
0.1,7029230,1224,5742.8,5728.0,5568,6048,78.8,"void strata::kernels::<unnamed>::gdn_ab_multi_kernel<(int)3, (bool)1>(const float *, const unsigned short *, const unsigned short *, const float *, const float *, float *, float *, int, int, int)"
0.1,7000045,825,8484.9,8480.0,8224,8992,121.7,"strata::kernels::<unnamed>::down_grouped_t_kernel(const unsigned long long *, const int *, const int *, const int *, const unsigned char *, const float *, float *)"
0.1,6994990,213,32840.3,32832.0,32256,33440,202.3,"void strata::kernels::<unnamed>::native_mmvq_il_kernel<strata::kernels::<unnamed>::IlQ5K, (int)4, (int)2>(const T1::F::Block *, const int *, const float *, float *, int, int)"
0.0,6227340,504,12355.8,12288.0,11104,14368,649.1,"strata::kernels::<unnamed>::sampler_split_merge_kernel(const int2 *, int, int, strata::kernels::SamplerParams, int, int *)"
0.0,5842310,89,65643.9,65024.0,22080,75648,8311.0,"void mul_mat_q<(ggml_type)22, (int)24, (bool)0>(const char *, const int *, const int *, const int *, float *, float *, const float *, uint3, int, int, int, int, int, uint3, uint3, int, int, int, uint3, uint3, int, int, int, uint3)"
0.0,5766601,194,29724.7,24896.0,24448,485313,43832.4,ampere_s16816gemm_bf16_64x64_ldg8_stages_64x5_tn
0.0,5345163,1338,3994.9,3136.0,2528,189088,5675.4,"strata::kernels::<unnamed>::embed_rows_kernel(int, const unsigned char *, unsigned long long, const int *, long long, float *)"
0.0,5259493,50,105189.9,105552.0,55360,121856,9049.6,"void mul_mat_q<(ggml_type)22, (int)64, (bool)0>(const char *, const int *, const int *, const int *, float *, float *, const float *, uint3, int, int, int, int, int, uint3, uint3, int, int, int, uint3, uint3, int, int, int, uint3)"
0.0,5131242,272,18864.9,18848.0,18144,19520,224.5,"void strata::kernels::<unnamed>::native_mmvq_il_kernel<strata::kernels::<unnamed>::IlIQ4XS, (int)3, (int)2>(const T1::F::Block *, const int *, const float *, float *, int, int)"
0.0,5101161,194,26294.6,19904.0,19616,638529,62587.2,"strata::prefill::<unnamed>::gr_mix_r_kernel(const float *, const float *, const float *, const float *, float *, unsigned short *, long long, unsigned short *, unsigned short *)"
0.0,4914949,227,21651.8,22080.0,16256,28928,2697.6,"void strata::kernels::<unnamed>::native_mmvq_multi_kernel<strata::kernels::<unnamed>::SmallTraits<strata::kernels::<unnamed>::Q80Block, (int)8>, (int)8, (int)4, (int)2, (bool)0, (bool)0>(const T1::Block *, const strata::kernels::<unnamed>::Q81Block *, float *, int, int, const T1::Block *, float *)"
0.0,4892579,1111,4403.8,4128.0,3648,5760,573.0,"void strata::kernels::<unnamed>::native_small_mmvq_kernel<strata::kernels::<unnamed>::Q80Block, (int)8, (bool)1>(const T1 *, const strata::kernels::<unnamed>::Q81Block *, float *, int, int)"
0.0,4810790,994,4839.8,4864.0,4416,5120,123.8,"void strata::kernels::<unnamed>::native_mmvq_multi_kernel<strata::kernels::<unnamed>::Q5KTraits, (int)4, (int)4, (int)2, (bool)0, (bool)0>(const T1::Block *, const strata::kernels::<unnamed>::Q81Block *, float *, int, int, const T1::Block *, float *)"
0.0,4740715,93,50975.4,52448.0,25440,61344,6159.3,"void mul_mat_q<(ggml_type)20, (int)64, (bool)0>(const char *, const int *, const int *, const int *, float *, float *, const float *, uint3, int, int, int, int, int, uint3, uint3, int, int, int, uint3, uint3, int, int, int, uint3)"
0.0,4701886,194,24236.5,24224.0,23616,25280,329.6,"void strata::kernels::<unnamed>::gr_down_staged_kernel<(int)6, (bool)1>(strata::kernels::<unnamed>::GrMulti)"
0.0,4593668,170,27021.6,28960.0,23263,29600,2654.3,"void strata::kernels::<unnamed>::native_mmvq_il_kernel<strata::kernels::<unnamed>::IlIQ4XS, (int)3, (int)4>(const T1::F::Block *, const int *, const float *, float *, int, int)"
0.0,4534631,52,87204.4,88704.0,21312,101696,13528.1,"void mul_mat_q<(ggml_type)22, (int)48, (bool)0>(const char *, const int *, const int *, const int *, float *, float *, const float *, uint3, int, int, int, int, int, uint3, uint3, int, int, int, uint3, uint3, int, int, int, uint3)"
0.0,4486089,1020,4398.1,4385.0,4192,4608,66.4,"void strata::kernels::<unnamed>::native_mmvq_multi_kernel<strata::kernels::<unnamed>::Q4KTraits, (int)3, (int)4, (int)2, (bool)0, (bool)0>(const T1::Block *, const strata::kernels::<unnamed>::Q81Block *, float *, int, int, const T1::Block *, float *)"
0.0,4381476,194,22584.9,22656.0,19616,23904,658.6,"void strata::kernels::<unnamed>::gr_up_multi_kernel<(int)6, (bool)1>(strata::kernels::<unnamed>::GrMulti)"
0.0,4114502,825,4987.3,4993.0,4672,5216,105.0,"strata::kernels::<unnamed>::row_top_prob_split_kernel(const float *, int, const int *, float *, strata::kernels::<unnamed>::TopRow *)"
0.0,4035334,56,72059.5,71376.0,37472,81984,6404.7,"void mul_mat_q<(ggml_type)22, (int)32, (bool)0>(const char *, const int *, const int *, const int *, float *, float *, const float *, uint3, int, int, int, int, int, uint3, uint3, int, int, int, uint3, uint3, int, int, int, uint3)"
0.0,3977287,986,4033.8,4032.0,3776,4288,83.1,"void strata::kernels::<unnamed>::native_mmvq_multi_kernel<strata::kernels::<unnamed>::IQ4XSTraits, (int)3, (int)4, (int)2, (bool)0, (bool)0>(const T1::Block *, const strata::kernels::<unnamed>::Q81Block *, float *, int, int, const T1::Block *, float *)"
0.0,3891655,94,41400.6,38336.0,36800,261281,23019.3,"void strata::kernels::<unnamed>::dequant_kernel<(int)20, strata::kernels::<unnamed>::H16>(const unsigned char *, long long, long long, long long, long long, long long, T2 *)"
0.0,3849415,100,38494.2,39152.5,9728,42848,4623.4,"void mul_mat_q<(ggml_type)20, (int)32, (bool)0>(const char *, const int *, const int *, const int *, float *, float *, const float *, uint3, int, int, int, int, int, uint3, uint3, int, int, int, uint3, uint3, int, int, int, uint3)"
0.0,3821575,91,41995.3,42720.0,15104,46304,5258.5,"void mul_mat_q<(ggml_type)20, (int)40, (bool)0>(const char *, const int *, const int *, const int *, float *, float *, const float *, uint3, int, int, int, int, int, uint3, uint3, int, int, int, uint3, uint3, int, int, int, uint3)"
0.0,3786498,419,9037.0,8384.0,4256,19008,4088.0,"void strata::kernels::<unnamed>::native_mmvq_multi_kernel<strata::kernels::<unnamed>::SmallTraits<strata::kernels::<unnamed>::Q80Block, (int)8>, (int)2, (int)4, (int)2, (bool)0, (bool)0>(const T1::Block *, const strata::kernels::<unnamed>::Q81Block *, float *, int, int, const T1::Block *, float *)"
0.0,3690755,48,76890.7,76368.0,25792,87776,10768.2,"void mul_mat_q<(ggml_type)22, (int)40, (bool)0>(const char *, const int *, const int *, const int *, float *, float *, const float *, uint3, int, int, int, int, int, uint3, uint3, int, int, int, uint3, uint3, int, int, int, uint3)"
0.0,3567941,80,44599.3,46080.0,14848,53376,6342.7,"void mul_mat_q<(ggml_type)20, (int)48, (bool)0>(const char *, const int *, const int *, const int *, float *, float *, const float *, uint3, int, int, int, int, int, uint3, uint3, int, int, int, uint3, uint3, int, int, int, uint3)"
0.0,3225924,825,3910.2,3904.0,3424,4481,164.2,"strata::kernels::<unnamed>::group_resident_kernel(const int *, int, int, const unsigned char *, long long, unsigned long long *, int *, int *, int *, int *)"
0.0,3073828,46,66822.3,68512.0,15008,79392,10618.3,"void mul_mat_q<(ggml_type)18, (int)32, (bool)0>(const char *, const int *, const int *, const int *, float *, float *, const float *, uint3, int, int, int, int, int, uint3, uint3, int, int, int, uint3, uint3, int, int, int, uint3)"
0.0,3044198,1038,2932.8,1728.0,1376,220193,7339.5,"void quantize_mmq_q8_1<(mmq_q8_1_ds_layout)0, (bool)0>(const float *, const int *, void *, long long, long long, long long, long long, long long, int, int, int)"
0.0,2986218,192,15553.2,14560.0,14240,90304,7716.7,ampere_s16816gemm_fp16_128x64_ldg8_stages_64x3_tn
0.0,2786118,25,111444.7,110816.0,72193,129281,10095.0,"void mul_mat_q<(ggml_type)22, (int)80, (bool)0>(const char *, const int *, const int *, const int *, float *, float *, const float *, uint3, int, int, int, int, int, uint3, uint3, int, int, int, uint3, uint3, int, int, int, uint3)"
0.0,2737892,192,14259.9,12096.0,11712,206753,19622.5,void cutlass::Kernel2<cutlass_80_tensorop_s16816gemm_bf16_128x64_64x3_tn_align2>(T1::Params)
0.0,2668359,1838,1451.8,1408.0,1344,1984,116.5,"strata::kernels::<unnamed>::post(const float *, const float *, const float *, float *, int, int, float)"
0.0,2660069,33,80608.2,84320.0,41888,97056,11619.0,"void mul_mat_q<(ggml_type)18, (int)64, (bool)0>(const char *, const int *, const int *, const int *, float *, float *, const float *, uint3, int, int, int, int, int, uint3, uint3, int, int, int, uint3, uint3, int, int, int, uint3)"
0.0,2618501,44,59511.4,60848.0,10752,66592,10556.6,"void mul_mat_q<(ggml_type)22, (int)16, (bool)0>(const char *, const int *, const int *, const int *, float *, float *, const float *, uint3, int, int, int, int, int, uint3, uint3, int, int, int, uint3, uint3, int, int, int, uint3)"
0.0,2549985,72,35416.5,28192.0,27712,515137,57357.0,"strata::prefill::<unnamed>::gdn_conv_tiled_kernel(const float *, const float *, const float *, float *, long long)"
0.0,2448729,136,18005.4,17952.0,17471,18624,273.8,"void strata::kernels::<unnamed>::native_mmvq_il_kernel<strata::kernels::<unnamed>::IlQ5K, (int)3, (int)4>(const T1::F::Block *, const int *, const float *, float *, int, int)"
0.0,2391460,31,77143.9,81121.0,43904,82497,9428.2,"void mul_mat_q<(ggml_type)21, (int)48, (bool)0>(const char *, const int *, const int *, const int *, float *, float *, const float *, uint3, int, int, int, int, int, uint3, uint3, int, int, int, uint3, uint3, int, int, int, uint3)"
0.0,2344260,934,2509.9,2272.0,1280,15808,1595.2,"strata::prefill::mmq::<unnamed>::swiglu_kernel(const float *, float *, long long, long long, bool)"
0.0,2296611,96,23923.0,23824.0,22688,25440,788.2,"strata::prefill::<unnamed>::moe_combine4_kernel(const float *, const int *, const float *, const float4 *, const float *, float4 *, long long)"
0.0,2235936,911,2454.4,2464.0,2304,2720,59.8,"strata::kernels::<unnamed>::history_advance_kernel(float *, const float *)"
0.0,2195431,36,60984.2,59936.5,58624,71072,3205.6,"void mul_mat_q<(ggml_type)20, (int)80, (bool)0>(const char *, const int *, const int *, const int *, float *, float *, const float *, uint3, int, int, int, int, int, uint3, uint3, int, int, int, uint3, uint3, int, int, int, uint3)"
0.0,2162374,26,83168.2,87216.0,39392,89857,12396.5,"void mul_mat_q<(ggml_type)21, (int)64, (bool)0>(const char *, const int *, const int *, const int *, float *, float *, const float *, uint3, int, int, int, int, int, uint3, uint3, int, int, int, uint3, uint3, int, int, int, uint3)"
0.0,2158114,476,4533.9,4544.0,4192,4768,114.4,"void strata::kernels::<unnamed>::native_mmvq_multi_kernel<strata::kernels::<unnamed>::Q5KTraits, (int)3, (int)4, (int)2, (bool)0, (bool)0>(const T1::Block *, const strata::kernels::<unnamed>::Q81Block *, float *, int, int, const T1::Block *, float *)"
0.0,2139587,70,30565.5,29296.0,5536,64672,22644.5,"void strata::kernels::<unnamed>::native_mmvq_multi_kernel<strata::kernels::<unnamed>::Q5KTraits, (int)6, (int)4, (int)2, (bool)0, (bool)0>(const T1::Block *, const strata::kernels::<unnamed>::Q81Block *, float *, int, int, const T1::Block *, float *)"
0.0,2138277,794,2693.0,2080.0,1856,53824,2758.3,"void cublasLt::splitKreduce_kernel<(int)32, (int)16, int, float, float, float, float, (bool)0, float, float, float, (bool)1, (bool)0, (bool)0, (bool)0>(cublasLt::cublasSplitKParams<T6>, const T4 *, const T10 *, T9 *, T5 *, const T6 *, const T6 *, const T11 *, const T4 *, T11 *, void *, long long, T6 *, int *, T6 *, T6 *, const T6 *, const T6 *, const T6 *, const T6 *, const T6 *)"
0.0,2131361,825,2583.5,2624.0,1920,3264,278.9,"strata::kernels::<unnamed>::quantize_q8_0_scaled_kernel(const float *, unsigned char *, float *, long long)"
0.0,2062243,29,71111.8,70721.0,69376,79520,1763.3,"void mul_mat_q<(ggml_type)18, (int)40, (bool)0>(const char *, const int *, const int *, const int *, float *, float *, const float *, uint3, int, int, int, int, int, uint3, uint3, int, int, int, uint3, uint3, int, int, int, uint3)"
0.0,2006308,28,71653.9,73024.0,44608,74336,5558.5,"void mul_mat_q<(ggml_type)21, (int)32, (bool)0>(const char *, const int *, const int *, const int *, float *, float *, const float *, uint3, int, int, int, int, int, uint3, uint3, int, int, int, uint3, uint3, int, int, int, uint3)"
0.0,1991941,244,8163.7,9312.0,3616,98688,9030.9,"void strata::kernels::<unnamed>::bf16_f32_mmvf_multi_kernel<(int)256, (int)6, (bool)1>(const float *, long long, const unsigned short *, float *, long long, int, int)"
0.0,1978467,27,73276.6,76865.0,24512,78272,13195.4,"void mul_mat_q<(ggml_type)21, (int)40, (bool)0>(const char *, const int *, const int *, const int *, float *, float *, const float *, uint3, int, int, int, int, int, uint3, uint3, int, int, int, uint3, uint3, int, int, int, uint3)"
0.0,1939075,120,16159.0,14672.0,13952,175520,14691.0,ampere_s16816gemm_bf16_64x64_ldg8_stages_64x6_tn
0.0,1921277,825,2328.8,2336.0,2208,2848,53.4,"strata::kernels::<unnamed>::swiglu_quantize_q8_0_scaled_kernel(float *, long long, unsigned char *, float *)"
0.0,1895363,28,67691.5,67776.0,66272,69889,722.6,"void mul_mat_q<(ggml_type)21, (int)24, (bool)0>(const char *, const int *, const int *, const int *, float *, float *, const float *, uint3, int, int, int, int, int, uint3, uint3, int, int, int, uint3, uint3, int, int, int, uint3)"
0.0,1893510,825,2295.2,1728.0,1600,7584,1160.8,strata::kernels::copy_from_mapped_multi_kernel(strata::kernels::MappedCopies)
0.0,1893027,25,75721.1,77248.0,37920,78368,7900.7,"void mul_mat_q<(ggml_type)18, (int)48, (bool)0>(const char *, const int *, const int *, const int *, float *, float *, const float *, uint3, int, int, int, int, int, uint3, uint3, int, int, int, uint3, uint3, int, int, int, uint3)"
0.0,1682166,829,2029.2,1440.0,1343,17568,1395.0,"strata::kernels::<unnamed>::add_streams_broadcast_kernel(const float *, const float *, float *, long long, int)"
0.0,1555553,12,129629.4,128592.0,107744,148000,12491.9,"void mul_mat_q<(ggml_type)22, (int)96, (bool)0>(const char *, const int *, const int *, const int *, float *, float *, const float *, uint3, int, int, int, int, int, uint3, uint3, int, int, int, uint3, uint3, int, int, int, uint3)"
0.0,1554624,384,4048.5,3616.0,2528,61312,5237.9,"strata::prefill::<unnamed>::copy_i32_kernel(int *, const int *, long long)"
0.0,1545188,911,1696.1,1792.0,1408,2560,221.1,"strata::kernels::<unnamed>::conv_residual_kernel(const float *, const float *, const unsigned short *, const float *, const float *, float *, float *)"
0.0,1505286,913,1648.7,1600.0,1536,19328,824.8,"strata::kernels::<unnamed>::gate_kernel(const float *, const float *, float *, float)"
0.0,1472069,24,61336.2,64400.5,28353,73952,10377.8,"void mul_mat_q<(ggml_type)20, (int)96, (bool)0>(const char *, const int *, const int *, const int *, float *, float *, const float *, uint3, int, int, int, int, int, uint3, uint3, int, int, int, uint3, uint3, int, int, int, uint3)"
0.0,1454369,94,15472.0,5824.0,5504,56097,13950.3,"void strata::kernels::<unnamed>::native_mmvq_multi_kernel<strata::kernels::<unnamed>::Q4KTraits, (int)6, (int)4, (int)2, (bool)0, (bool)0>(const T1::Block *, const strata::kernels::<unnamed>::Q81Block *, float *, int, int, const T1::Block *, float *)"
0.0,1448162,96,15085.0,14176.0,13984,83712,7113.7,ampere_s16816gemm_fp16_128x64_ldg8_stages_32x6_tn
0.0,1437666,25,57506.6,62560.0,16448,66240,14044.1,"void mul_mat_q<(ggml_type)21, (int)16, (bool)0>(const char *, const int *, const int *, const int *, float *, float *, const float *, uint3, int, int, int, int, int, uint3, uint3, int, int, int, uint3, uint3, int, int, int, uint3)"
0.0,1423906,72,19776.5,13792.0,13568,441985,50458.8,"strata::prefill::<unnamed>::gdn_out_norm_kernel(const float *, const float *, float, float *, unsigned short *, long long)"
0.0,1420612,220,6457.3,4928.0,3104,14880,3196.3,"strata::kernels::<unnamed>::copy_indexed_kernel(float *, const float *, long long, const int *, long long)"
0.0,1315202,84,15657.2,5664.0,5120,55296,16346.2,"void strata::kernels::<unnamed>::native_mmvq_multi_kernel<strata::kernels::<unnamed>::IQ4XSTraits, (int)6, (int)4, (int)2, (bool)0, (bool)0>(const T1::Block *, const strata::kernels::<unnamed>::Q81Block *, float *, int, int, const T1::Block *, float *)"
0.0,1305441,480,2719.7,2144.0,1152,7776,1659.1,"void strata::kernels::<unnamed>::apply<(bool)0>(const float *, float *, int, int, int, float, float, float, float, float, float, const int *, const int *, strata::kernels::RopeTab)"
0.0,1267204,47,26961.8,27008.0,10656,30945,3246.9,"void mul_mat_q<(ggml_type)42, (int)24, (bool)0>(const char *, const int *, const int *, const int *, float *, float *, const float *, uint3, int, int, int, int, int, uint3, uint3, int, int, int, uint3, uint3, int, int, int, uint3)"
0.0,1190465,175,6802.7,6912.0,2656,11008,2821.4,"strata::kernels::<unnamed>::copy_row_to_first_kernel(const int *, float *, long long, float *, long long, float *, long long)"
0.0,1184164,26,45544.8,45296.0,44512,49984,1319.1,"strata::prefill::<unnamed>::kv_append_kernel(const float *, const float *, long long, const int *, long long, unsigned short *, unsigned short *, signed char *, signed char *, unsigned short *, unsigned short *, strata::kernels::KvHostPools, strata::kernels::KvHostPools)"
0.0,1164066,12,97005.5,97088.0,95008,99008,1256.2,"void mul_mat_q<(ggml_type)18, (int)80, (bool)0>(const char *, const int *, const int *, const int *, float *, float *, const float *, uint3, int, int, int, int, int, uint3, uint3, int, int, int, uint3, uint3, int, int, int, uint3)"
0.0,1125701,825,1364.5,1344.0,1280,1728,71.9,"strata::kernels::<unnamed>::map_ids_kernel(int *, const int *, int)"
0.0,1121601,825,1359.5,1184.0,1120,11328,821.1,"strata::kernels::<unnamed>::window_ids_kernel(int *, int, int *, long long)"
0.0,1061317,911,1165.0,1152.0,1088,1344,36.8,"strata::kernels::<unnamed>::broadcast_kernel(const float *, const float *, float *)"
0.0,991107,28,35396.7,35344.0,34304,38113,709.4,"void mul_mat_q<(ggml_type)42, (int)48, (bool)0>(const char *, const int *, const int *, const int *, float *, float *, const float *, uint3, int, int, int, int, int, uint3, uint3, int, int, int, uint3, uint3, int, int, int, uint3)"
0.0,961794,31,31025.6,30592.0,29280,34560,1394.3,"void mul_mat_q<(ggml_type)42, (int)32, (bool)0>(const char *, const int *, const int *, const int *, float *, float *, const float *, uint3, int, int, int, int, int, uint3, uint3, int, int, int, uint3, uint3, int, int, int, uint3)"
0.0,936609,109,8592.7,7552.0,4416,18208,3653.7,"void strata::kernels::<unnamed>::native_mmvq_multi_kernel<strata::kernels::<unnamed>::SmallTraits<strata::kernels::<unnamed>::Q80Block, (int)8>, (int)3, (int)4, (int)2, (bool)0, (bool)0>(const T1::Block *, const strata::kernels::<unnamed>::Q81Block *, float *, int, int, const T1::Block *, float *)"
0.0,934531,24,38938.8,38416.0,37408,45920,2081.0,"strata::kernels::<unnamed>::prompt_attn_i8_kernel(const float *, strata::kernels::QsaAttnPools, const int *, const int *, int, int, float, float *, int)"
0.0,907809,177,5128.9,4800.0,1600,9152,2318.9,"void strata::kernels::<unnamed>::norm<(int)256>(const float *, const float *, float *, int, float)"
0.0,857665,144,5956.0,5504.0,4608,79296,6676.3,void cutlass::Kernel2<cutlass_80_wmma_tensorop_s161616gemm_bf16_32x32_128x2_tn_align8>(T1::Params)
0.0,824064,17,48474.4,47872.0,47168,55584,1920.1,"void mul_mat_q<(ggml_type)42, (int)64, (bool)0>(const char *, const int *, const int *, const int *, float *, float *, const float *, uint3, int, int, int, int, int, uint3, uint3, int, int, int, uint3, uint3, int, int, int, uint3)"
0.0,819553,8,102444.1,102624.0,100416,104161,1528.1,"void mul_mat_q<(ggml_type)21, (int)80, (bool)0>(const char *, const int *, const int *, const int *, float *, float *, const float *, uint3, int, int, int, int, int, uint3, uint3, int, int, int, uint3, uint3, int, int, int, uint3)"
0.0,762593,7,108941.9,109312.0,106689,110592,1340.7,"void mul_mat_q<(ggml_type)21, (int)96, (bool)0>(const char *, const int *, const int *, const int *, float *, float *, const float *, uint3, int, int, int, int, int, uint3, uint3, int, int, int, uint3, uint3, int, int, int, uint3)"
0.0,753920,6,125653.3,137872.0,63776,139360,30338.4,"void mul_mat_q<(ggml_type)22, (int)112, (bool)0>(const char *, const int *, const int *, const int *, float *, float *, const float *, uint3, int, int, int, int, int, uint3, uint3, int, int, int, uint3, uint3, int, int, int, uint3)"
0.0,735905,94,7828.8,7840.0,7584,8064,108.9,"void strata::kernels::<unnamed>::native_mmvq_multi_kernel<strata::kernels::<unnamed>::SmallTraits<strata::kernels::<unnamed>::IQ4NLBlock, (int)4>, (int)6, (int)4, (int)2, (bool)0, (bool)0>(const T1::Block *, const strata::kernels::<unnamed>::Q81Block *, float *, int, int, const T1::Block *, float *)"
0.0,696450,8,87056.3,103808.5,42752,106657,26065.8,"void mul_mat_q<(ggml_type)18, (int)96, (bool)0>(const char *, const int *, const int *, const int *, float *, float *, const float *, uint3, int, int, int, int, int, uint3, uint3, int, int, int, uint3, uint3, int, int, int, uint3)"
0.0,679457,72,9436.9,9408.0,9216,9760,116.6,"void strata::kernels::<unnamed>::gdn_ab_multi_kernel<(int)6, (bool)1>(const float *, const unsigned short *, const unsigned short *, const float *, const float *, float *, float *, int, int, int)"
0.0,649057,12,54088.1,55088.0,34048,63360,6773.5,"void mul_mat_q<(ggml_type)42, (int)80, (bool)0>(const char *, const int *, const int *, const int *, float *, float *, const float *, uint3, int, int, int, int, int, uint3, uint3, int, int, int, uint3, uint3, int, int, int, uint3)"
0.0,624032,507,1230.8,1216.0,1120,1408,62.2,"strata::kernels::<unnamed>::broadcast_streams_kernel(const float *, float *, long long, int)"
0.0,581824,48,12121.3,11984.0,11648,13984,548.6,void cutlass::Kernel2<cutlass_80_tensorop_s16816gemm_f16_64x64_32x6_tn_align8>(T1::Params)
0.0,551969,16,34498.1,34288.0,33792,37952,969.4,"void mul_mat_q<(ggml_type)42, (int)40, (bool)0>(const char *, const int *, const int *, const int *, float *, float *, const float *, uint3, int, int, int, int, int, uint3, uint3, int, int, int, uint3, uint3, int, int, int, uint3)"
0.0,540609,72,7508.5,5728.0,5600,129984,14638.3,"strata::prefill::<unnamed>::gdn_l2_kernel(float *, float)"
0.0,540065,96,5625.7,5280.0,5120,31424,2674.8,"void strata::prefill::<unnamed>::route_kernel<(int)16>(const float *, int *, float *, long long)"
0.0,529027,8,66128.4,70929.0,31104,72160,14170.4,"void mul_mat_q<(ggml_type)20, (int)112, (bool)0>(const char *, const int *, const int *, const int *, float *, float *, const float *, uint3, int, int, int, int, int, uint3, uint3, int, int, int, uint3, uint3, int, int, int, uint3)"
0.0,525953,10,52595.3,52672.0,51776,53184,465.8,"void mul_mat_q<(ggml_type)23, (int)24, (bool)0>(const char *, const int *, const int *, const int *, float *, float *, const float *, uint3, int, int, int, int, int, uint3, uint3, int, int, int, uint3, uint3, int, int, int, uint3)"
0.0,493728,96,5143.0,4416.0,4032,70592,6752.9,"std::enable_if<!T7, void>::type internal::gemvx::kernel<int, int, __nv_bfloat16, float, float, float, (bool)0, (bool)1, (bool)1, (bool)0, (int)7, (bool)0, cublasGemvParamsEx<int, cublasGemvTensorStridedBatched<const __nv_bfloat16>, cublasGemvTensorStridedBatched<const float>, cublasGemvTensorStridedBatched<float>, float>>(T13)"
0.0,484387,23,21060.3,23712.0,6816,27360,6078.0,"void mul_mat_q<(ggml_type)42, (int)16, (bool)0>(const char *, const int *, const int *, const int *, float *, float *, const float *, uint3, int, int, int, int, int, uint3, uint3, int, int, int, uint3, uint3, int, int, int, uint3)"
0.0,467681,78,5995.9,3296.0,2368,22720,4559.6,"strata::prefill::<unnamed>::rms_rows_kernel(float *, const float *, long long, long long, float)"
0.0,389152,2,194576.0,194576.0,179232,209920,21699.7,void cutlass::Kernel2<cutlass_80_tensorop_s16816gemm_bf16_256x64_32x4_tn_align8>(T1::Params)
0.0,354593,6,59098.8,15568.0,14208,277089,106796.3,"strata::prefill::<unnamed>::gr_norm_rs_kernel(const float *, const float *, float, float *, unsigned short *, unsigned short *, long long)"
0.0,316032,4,79008.0,77824.0,70464,89920,8063.1,"void mul_mat_q<(ggml_type)20, (int)128, (bool)0>(const char *, const int *, const int *, const int *, float *, float *, const float *, uint3, int, int, int, int, int, uint3, uint3, int, int, int, uint3, uint3, int, int, int, uint3)"
0.0,315585,3,105195.0,116609.0,81376,117600,20633.8,"void mul_mat_q<(ggml_type)23, (int)80, (bool)0>(const char *, const int *, const int *, const int *, float *, float *, const float *, uint3, int, int, int, int, int, uint3, uint3, int, int, int, uint3, uint3, int, int, int, uint3)"
0.0,314368,2,157184.0,157184.0,141472,172896,22220.1,"void mul_mat_q<(ggml_type)22, (int)128, (bool)0>(const char *, const int *, const int *, const int *, float *, float *, const float *, uint3, int, int, int, int, int, uint3, uint3, int, int, int, uint3, uint3, int, int, int, uint3)"
0.0,308704,24,12862.7,12800.0,12640,13696,248.9,"strata::prefill::<unnamed>::gate_attn_kernel(const float *, const float *, unsigned short *, long long, long long)"
0.0,305792,24,12741.3,12544.0,12384,14944,681.8,"strata::kernels::<unnamed>::block_scores_tc_kernel(const float *, const float *, const int *, long long, long long, long long, float *)"
0.0,280992,194,1448.4,1344.0,1312,9088,708.1,"strata::prefill::<unnamed>::gr_silu_kernel(const float *, unsigned short *, unsigned short *, long long)"
0.0,260258,96,2711.0,2304.0,2144,38848,3728.4,"strata::prefill::<unnamed>::swiglu_pair_kernel(const float *, const float *, unsigned short *, long long)"
0.0,255648,2,127824.0,127824.0,9280,246368,167646.5,"strata::prefill::<unnamed>::gr_broadcast_kernel(const float *, float *, long long)"
0.0,250849,2,125424.5,125424.5,125217,125632,293.4,"void mul_mat_q<(ggml_type)21, (int)128, (bool)0>(const char *, const int *, const int *, const int *, float *, float *, const float *, uint3, int, int, int, int, int, uint3, uint3, int, int, int, uint3, uint3, int, int, int, uint3)"
0.0,235712,24,9821.3,9664.0,9280,11936,600.4,ampere_s16816gemm_bf16_64x128_ldg8_stages_64x4_tn
0.0,227872,2,113936.0,113936.0,113184,114688,1063.5,"void mul_mat_q<(ggml_type)18, (int)112, (bool)0>(const char *, const int *, const int *, const int *, float *, float *, const float *, uint3, int, int, int, int, int, uint3, uint3, int, int, int, uint3, uint3, int, int, int, uint3)"
0.0,219426,24,9142.8,9104.5,8960,9792,186.4,"strata::prefill::<unnamed>::split_q_kernel(const float *, float *, long long)"
0.0,198336,74,2680.2,1888.0,1792,4960,1145.0,"void strata::prefill::<unnamed>::rope_kernel<(bool)0>(float *, long long, long long, long long, long long, float, float, float, float, float, float, const int *, strata::kernels::RopeTab)"
0.0,191200,3,63733.3,61408.0,60512,69280,4824.4,"void mul_mat_q<(ggml_type)42, (int)96, (bool)0>(const char *, const int *, const int *, const int *, float *, float *, const float *, uint3, int, int, int, int, int, uint3, uint3, int, int, int, uint3, uint3, int, int, int, uint3)"
0.0,181824,3,60608.0,60224.0,59808,61792,1046.3,"void mul_mat_q<(ggml_type)23, (int)40, (bool)0>(const char *, const int *, const int *, const int *, float *, float *, const float *, uint3, int, int, int, int, int, uint3, uint3, int, int, int, uint3, uint3, int, int, int, uint3)"
0.0,180129,2,90064.5,90064.5,89057,91072,1424.8,"void mul_mat_q<(ggml_type)8, (int)128, (bool)0>(const char *, const int *, const int *, const int *, float *, float *, const float *, uint3, int, int, int, int, int, uint3, uint3, int, int, int, uint3, uint3, int, int, int, uint3)"
0.0,150016,6,25002.7,24848.0,23328,26368,1185.1,"strata::kernels::<unnamed>::rms_rep_kernel(const float *, const float *, float *)"
0.0,149824,5,29964.8,9024.0,8000,64960,29569.8,"void mul_mat_q<(ggml_type)18, (int)8, (bool)0>(const char *, const int *, const int *, const int *, float *, float *, const float *, uint3, int, int, int, int, int, uint3, uint3, int, int, int, uint3, uint3, int, int, int, uint3)"
0.0,148384,24,6182.7,6048.0,1472,12640,4815.0,strata::kernels::<unnamed>::reset_kernel(strata::kernels::KvStreamMap)
0.0,145536,10,14553.6,7104.0,5952,32256,11675.0,"void mul_mat_q<(ggml_type)20, (int)8, (bool)0>(const char *, const int *, const int *, const int *, float *, float *, const float *, uint3, int, int, int, int, int, uint3, uint3, int, int, int, uint3, uint3, int, int, int, uint3)"
0.0,145408,72,2019.6,1760.0,1696,18880,2016.8,"strata::prefill::<unnamed>::gdn_conv_hist_kernel(float *, const float *, long long)"
0.0,144896,8,18112.0,11888.0,8672,66304,19592.0,"void mul_mat_q<(ggml_type)22, (int)8, (bool)0>(const char *, const int *, const int *, const int *, float *, float *, const float *, uint3, int, int, int, int, int, uint3, uint3, int, int, int, uint3, uint3, int, int, int, uint3)"
0.0,113344,72,1574.2,1472.0,1408,8224,798.1,"strata::prefill::<unnamed>::gdn_gates_kernel(const float *, const float *, const float *, float *, float *, long long)"
0.0,101025,2,50512.5,50512.5,46433,54592,5769.3,ampere_s16816gemm_bf16_128x64_ldg8_stages_64x4_tn
0.0,92769,6,15461.5,9616.0,8544,28384,9810.6,"void mul_mat_q<(ggml_type)8, (int)80, (bool)0>(const char *, const int *, const int *, const int *, float *, float *, const float *, uint3, int, int, int, int, int, uint3, uint3, int, int, int, uint3, uint3, int, int, int, uint3)"
0.0,79872,4,19968.0,19856.0,19456,20704,552.4,"strata::prefill::<unnamed>::gr_write_kernel(float *, const float *, const float *, long long, long long)"
0.0,73408,1,73408.0,73408.0,73408,73408,0.0,"void mul_mat_q<(ggml_type)23, (int)64, (bool)0>(const char *, const int *, const int *, const int *, float *, float *, const float *, uint3, int, int, int, int, int, uint3, uint3, int, int, int, uint3, uint3, int, int, int, uint3)"
0.0,70848,2,35424.0,35424.0,35392,35456,45.3,"void strata::kernels::<unnamed>::dequant_kernel<(int)8, strata::kernels::<unnamed>::H16>(const unsigned char *, long long, long long, long long, long long, long long, T2 *)"
0.0,64768,2,32384.0,32384.0,32128,32640,362.0,"strata::kernels::<unnamed>::conv_residual_batch_kernel(const float *, const float *, const unsigned short *, float *, const float *, int)"
0.0,57793,8,7224.1,7328.0,6688,7488,253.5,"void mul_mat_q_stream_k_fixup<(ggml_type)20, (int)64, (bool)0>(const int *, const int *, float *, float *, uint3, int, int, int, uint3, int, uint3, int, uint3)"
0.0,57792,6,9632.0,9264.0,8992,10688,743.3,"void mul_mat_q_stream_k_fixup<(ggml_type)8, (int)80, (bool)0>(const int *, const int *, float *, float *, uint3, int, int, int, uint3, int, uint3, int, uint3)"
0.0,57440,1,57440.0,57440.0,57440,57440,0.0,"void mul_mat_q<(ggml_type)23, (int)32, (bool)0>(const char *, const int *, const int *, const int *, float *, float *, const float *, uint3, int, int, int, int, int, uint3, uint3, int, int, int, uint3, uint3, int, int, int, uint3)"
0.0,53696,24,2237.3,2208.0,1984,2688,194.7,"void strata::kernels::<unnamed>::append_blocks<(bool)0>(const float *, long long, long long, int, const float *, float, const float *, const float *, float *, int *, long long, long long, float, float, float, float, float, float, const int *, strata::kernels::RopeTab)"
0.0,45249,24,1885.4,1856.0,1792,2208,95.3,"strata::kernels::<unnamed>::block_scores_tail_kernel(const float *, const float *, const int *, long long, float *)"
0.0,44480,24,1853.3,1824.0,1792,2176,96.2,"strata::kernels::<unnamed>::block_topk_kernel(const float *, const int *, long long, long long, int *)"
0.0,41952,10,4195.2,4272.0,3328,4672,413.8,"void mul_mat_q_stream_k_fixup<(ggml_type)18, (int)24, (bool)0>(const int *, const int *, float *, float *, uint3, int, int, int, uint3, int, uint3, int, uint3)"
0.0,41216,4,10304.0,10560.0,9408,10688,600.9,"void mul_mat_q_stream_k_fixup<(ggml_type)20, (int)96, (bool)0>(const int *, const int *, float *, float *, uint3, int, int, int, uint3, int, uint3, int, uint3)"
0.0,40768,7,5824.0,6240.0,4384,6496,828.1,"void mul_mat_q_stream_k_fixup<(ggml_type)20, (int)48, (bool)0>(const int *, const int *, float *, float *, uint3, int, int, int, uint3, int, uint3, int, uint3)"
0.0,40512,24,1688.0,1664.0,1632,1920,75.6,"void strata::kernels::<unnamed>::append_first<(bool)0>(const float *, const float *, float, float *, float *, float, float, float, float, float, float, const int *, strata::kernels::RopeTab)"
0.0,38752,10,3875.2,3920.0,3008,4384,366.9,"void mul_mat_q_stream_k_fixup<(ggml_type)20, (int)24, (bool)0>(const int *, const int *, float *, float *, uint3, int, int, int, uint3, int, uint3, int, uint3)"
0.0,37120,5,7424.0,7424.0,7040,7776,352.7,"void mul_mat_q_stream_k_fixup<(ggml_type)18, (int)64, (bool)0>(const int *, const int *, float *, float *, uint3, int, int, int, uint3, int, uint3, int, uint3)"
0.0,36992,2,18496.0,18496.0,18464,18528,45.3,"void mul_mat_q_stream_k_fixup<(ggml_type)8, (int)128, (bool)0>(const int *, const int *, float *, float *, uint3, int, int, int, uint3, int, uint3, int, uint3)"
0.0,35425,2,17712.5,17712.5,16257,19168,2058.4,"void mul_mat_q<(ggml_type)23, (int)16, (bool)0>(const char *, const int *, const int *, const int *, float *, float *, const float *, uint3, int, int, int, int, int, uint3, uint3, int, int, int, uint3, uint3, int, int, int, uint3)"
0.0,33312,5,6662.4,6656.0,6496,6880,138.4,"void mul_mat_q_stream_k_fixup<(ggml_type)21, (int)48, (bool)0>(const int *, const int *, float *, float *, uint3, int, int, int, uint3, int, uint3, int, uint3)"
0.0,28096,24,1170.7,1152.0,1120,1376,59.6,"strata::kernels::<unnamed>::append_tail(const float *, long long, long long, float *)"
0.0,24832,2,12416.0,12416.0,12032,12800,543.1,"strata::kernels::<unnamed>::broadcast_batch_kernel(const float *, const float *, float *, int)"
0.0,24512,4,6128.0,5728.0,5344,7712,1102.8,"void mul_mat_q<(ggml_type)42, (int)8, (bool)0>(const char *, const int *, const int *, const int *, float *, float *, const float *, uint3, int, int, int, int, int, uint3, uint3, int, int, int, uint3, uint3, int, int, int, uint3)"
0.0,23872,7,3410.3,3104.0,2752,4352,576.3,"void mul_mat_q_stream_k_fixup<(ggml_type)22, (int)8, (bool)0>(const int *, const int *, float *, float *, uint3, int, int, int, uint3, int, uint3, int, uint3)"
0.0,23744,4,5936.0,5968.0,4960,6848,777.1,"void mul_mat_q_stream_k_fixup<(ggml_type)22, (int)48, (bool)0>(const int *, const int *, float *, float *, uint3, int, int, int, uint3, int, uint3, int, uint3)"
0.0,23264,3,7754.7,7744.0,7520,8000,240.2,"void mul_mat_q_stream_k_fixup<(ggml_type)21, (int)64, (bool)0>(const int *, const int *, float *, float *, uint3, int, int, int, uint3, int, uint3, int, uint3)"
0.0,22720,3,7573.3,4896.0,4768,13056,4748.6,"void strata::kernels::<unnamed>::native_mmvq_multi_kernel<strata::kernels::<unnamed>::SmallTraits<strata::kernels::<unnamed>::Q80Block, (int)8>, (int)5, (int)4, (int)2, (bool)0, (bool)0>(const T1::Block *, const strata::kernels::<unnamed>::Q81Block *, float *, int, int, const T1::Block *, float *)"
0.0,22688,2,11344.0,11344.0,11232,11456,158.4,"void mul_mat_q_stream_k_fixup<(ggml_type)22, (int)96, (bool)0>(const int *, const int *, float *, float *, uint3, int, int, int, uint3, int, uint3, int, uint3)"
0.0,22688,5,4537.6,4800.0,3648,4864,513.2,"void mul_mat_q_stream_k_fixup<(ggml_type)20, (int)32, (bool)0>(const int *, const int *, float *, float *, uint3, int, int, int, uint3, int, uint3, int, uint3)"
0.0,21888,1,21888.0,21888.0,21888,21888,0.0,"void strata::kernels::<unnamed>::gr_down_staged_kernel<(int)5, (bool)1>(strata::kernels::<unnamed>::GrMulti)"
0.0,21728,2,10864.0,10864.0,10560,11168,429.9,"void mul_mat_q_stream_k_fixup<(ggml_type)18, (int)96, (bool)0>(const int *, const int *, float *, float *, uint3, int, int, int, uint3, int, uint3, int, uint3)"
0.0,20288,5,4057.6,4160.0,2784,5056,830.6,"void mul_mat_q_stream_k_fixup<(ggml_type)22, (int)16, (bool)0>(const int *, const int *, float *, float *, uint3, int, int, int, uint3, int, uint3, int, uint3)"
0.0,19520,1,19520.0,19520.0,19520,19520,0.0,"void mul_mat_q<(ggml_type)21, (int)8, (bool)0>(const char *, const int *, const int *, const int *, float *, float *, const float *, uint3, int, int, int, int, int, uint3, uint3, int, int, int, uint3, uint3, int, int, int, uint3)"
0.0,18112,1,18112.0,18112.0,18112,18112,0.0,"void strata::kernels::<unnamed>::gr_up_multi_kernel<(int)5, (bool)1>(strata::kernels::<unnamed>::GrMulti)"
0.0,16960,5,3392.0,3424.0,3168,3552,150.1,"void mul_mat_q_stream_k_fixup<(ggml_type)21, (int)16, (bool)0>(const int *, const int *, float *, float *, uint3, int, int, int, uint3, int, uint3, int, uint3)"
0.0,16896,6,2816.0,2736.0,2528,3200,252.8,"void mul_mat_q_stream_k_fixup<(ggml_type)20, (int)8, (bool)0>(const int *, const int *, float *, float *, uint3, int, int, int, uint3, int, uint3, int, uint3)"
0.0,16032,4,4008.0,4208.0,3328,4288,459.6,"void mul_mat_q_stream_k_fixup<(ggml_type)22, (int)24, (bool)0>(const int *, const int *, float *, float *, uint3, int, int, int, uint3, int, uint3, int, uint3)"
0.0,15872,5,3174.4,3328.0,2592,3808,519.6,"void mul_mat_q_stream_k_fixup<(ggml_type)20, (int)16, (bool)0>(const int *, const int *, float *, float *, uint3, int, int, int, uint3, int, uint3, int, uint3)"
0.0,15200,3,5066.7,4992.0,4960,5248,157.9,"void mul_mat_q_stream_k_fixup<(ggml_type)22, (int)32, (bool)0>(const int *, const int *, float *, float *, uint3, int, int, int, uint3, int, uint3, int, uint3)"
0.0,15008,2,7504.0,7504.0,7488,7520,22.6,"void strata::kernels::<unnamed>::native_mmvq_multi_kernel<strata::kernels::<unnamed>::SmallTraits<strata::kernels::<unnamed>::Q80Block, (int)8>, (int)6, (int)4, (int)2, (bool)0, (bool)0>(const T1::Block *, const strata::kernels::<unnamed>::Q81Block *, float *, int, int, const T1::Block *, float *)"
0.0,13601,1,13601.0,13601.0,13601,13601,0.0,"void mul_mat_q_stream_k_fixup<(ggml_type)22, (int)128, (bool)0>(const int *, const int *, float *, float *, uint3, int, int, int, uint3, int, uint3, int, uint3)"
0.0,12736,1,12736.0,12736.0,12736,12736,0.0,"void mul_mat_q_stream_k_fixup<(ggml_type)20, (int)128, (bool)0>(const int *, const int *, float *, float *, uint3, int, int, int, uint3, int, uint3, int, uint3)"
0.0,12192,1,12192.0,12192.0,12192,12192,0.0,"void mul_mat_q_stream_k_fixup<(ggml_type)22, (int)112, (bool)0>(const int *, const int *, float *, float *, uint3, int, int, int, uint3, int, uint3, int, uint3)"
0.0,12192,3,4064.0,3872.0,3744,4576,448.0,"void mul_mat_q_stream_k_fixup<(ggml_type)18, (int)8, (bool)0>(const int *, const int *, float *, float *, uint3, int, int, int, uint3, int, uint3, int, uint3)"
0.0,11712,4,2928.0,1184.0,992,8352,3617.1,"strata::prefill::mmq::<unnamed>::iota_kernel(int *, long long)"
0.0,11456,1,11456.0,11456.0,11456,11456,0.0,"void mul_mat_q_stream_k_fixup<(ggml_type)20, (int)112, (bool)0>(const int *, const int *, float *, float *, uint3, int, int, int, uint3, int, uint3, int, uint3)"
0.0,11104,2,5552.0,5552.0,5248,5856,429.9,"void mul_mat_q_stream_k_fixup<(ggml_type)21, (int)40, (bool)0>(const int *, const int *, float *, float *, uint3, int, int, int, uint3, int, uint3, int, uint3)"
0.0,11072,3,3690.7,3712.0,3488,3872,192.9,"void mul_mat_q_stream_k_fixup<(ggml_type)18, (int)16, (bool)0>(const int *, const int *, float *, float *, uint3, int, int, int, uint3, int, uint3, int, uint3)"
0.0,10880,4,2720.0,2688.0,2624,2880,110.9,"void mul_mat_q_stream_k_fixup<(ggml_type)42, (int)16, (bool)0>(const int *, const int *, float *, float *, uint3, int, int, int, uint3, int, uint3, int, uint3)"
0.0,10624,2,5312.0,5312.0,5248,5376,90.5,"void mul_mat_q_stream_k_fixup<(ggml_type)21, (int)32, (bool)0>(const int *, const int *, float *, float *, uint3, int, int, int, uint3, int, uint3, int, uint3)"
0.0,10240,2,5120.0,5120.0,4832,5408,407.3,"strata::prefill::<unnamed>::to_bf16_kernel(const float *, unsigned short *, unsigned short *, long long)"
0.0,10208,2,5104.0,5104.0,4224,5984,1244.5,"void mul_mat_q_stream_k_fixup<(ggml_type)22, (int)40, (bool)0>(const int *, const int *, float *, float *, uint3, int, int, int, uint3, int, uint3, int, uint3)"
0.0,10080,4,2520.0,2560.0,2368,2592,105.7,"void mul_mat_q_stream_k_fixup<(ggml_type)42, (int)8, (bool)0>(const int *, const int *, float *, float *, uint3, int, int, int, uint3, int, uint3, int, uint3)"
0.0,9856,2,4928.0,4928.0,4608,5248,452.5,"void mul_mat_q_stream_k_fixup<(ggml_type)20, (int)40, (bool)0>(const int *, const int *, float *, float *, uint3, int, int, int, uint3, int, uint3, int, uint3)"
0.0,8768,2,4384.0,4384.0,4000,4768,543.1,"void mul_mat_q_stream_k_fixup<(ggml_type)18, (int)32, (bool)0>(const int *, const int *, float *, float *, uint3, int, int, int, uint3, int, uint3, int, uint3)"
0.0,8544,1,8544.0,8544.0,8544,8544,0.0,"void mul_mat_q_stream_k_fixup<(ggml_type)22, (int)80, (bool)0>(const int *, const int *, float *, float *, uint3, int, int, int, uint3, int, uint3, int, uint3)"
0.0,7456,1,7456.0,7456.0,7456,7456,0.0,"void mul_mat_q_stream_k_fixup<(ggml_type)42, (int)80, (bool)0>(const int *, const int *, float *, float *, uint3, int, int, int, uint3, int, uint3, int, uint3)"
0.0,7424,1,7424.0,7424.0,7424,7424,0.0,"void mul_mat_q_stream_k_fixup<(ggml_type)22, (int)64, (bool)0>(const int *, const int *, float *, float *, uint3, int, int, int, uint3, int, uint3, int, uint3)"
0.0,7392,2,3696.0,3696.0,3648,3744,67.9,"void mul_mat_q_stream_k_fixup<(ggml_type)23, (int)16, (bool)0>(const int *, const int *, float *, float *, uint3, int, int, int, uint3, int, uint3, int, uint3)"
0.0,6496,1,6496.0,6496.0,6496,6496,0.0,"void mul_mat_q_stream_k_fixup<(ggml_type)18, (int)48, (bool)0>(const int *, const int *, float *, float *, uint3, int, int, int, uint3, int, uint3, int, uint3)"
0.0,6464,2,3232.0,3232.0,3008,3456,316.8,"void mul_mat_q_stream_k_fixup<(ggml_type)42, (int)24, (bool)0>(const int *, const int *, float *, float *, uint3, int, int, int, uint3, int, uint3, int, uint3)"
0.0,6240,2,3120.0,3120.0,2912,3328,294.2,"strata::kernels::<unnamed>::history_batch_kernel(float *, const float *, int)"
0.0,4992,1,4992.0,4992.0,4992,4992,0.0,"void mul_mat_q_stream_k_fixup<(ggml_type)42, (int)32, (bool)0>(const int *, const int *, float *, float *, uint3, int, int, int, uint3, int, uint3, int, uint3)"
0.0,2560,1,2560.0,2560.0,2560,2560,0.0,"void mul_mat_q_stream_k_fixup<(ggml_type)21, (int)8, (bool)0>(const int *, const int *, float *, float *, uint3, int, int, int, uint3, int, uint3, int, uint3)"
