utc,pcie_tx_KB_s,pcie_rx_KB_s,sm_MHz,memory_MHz,power_mW,gpu_C,pcie_gen,pcie_width,clock_event_mask,memory_C,thermal_counter_ns,fan_percent
2026-10-09T18:26:42.927053+00:00,0,0,255,405,22805,45,1,8,1,NVML_ERROR_3,15184466789152,32
2026-10-09T18:26:43.991656+00:00,0,0,210,405,16697,45,1,8,1,NVML_ERROR_3,15184466789152,32
2026-10-09T18:26:45.058582+00:00,0,0,210,405,14754,44,1,8,1,NVML_ERROR_3,15184466789152,32
2026-10-09T18:26:46.115008+00:00,23828,67382,210,405,21324,45,1,8,1,NVML_ERROR_3,15184466789152,32
2026-10-09T18:26:47.171029+00:00,18750,136230,210,405,32178,45,1,8,1,NVML_ERROR_3,15184466789152,32
2026-10-09T18:26:48.301824+00:00,0,439,210,405,27792,45,1,8,1,NVML_ERROR_3,15184466789152,32
2026-10-09T18:26:49.367787+00:00,48,0,210,405,22903,45,1,8,1,NVML_ERROR_3,15184466789152,32
2026-10-09T18:26:50.423984+00:00,0,0,210,405,14387,45,1,8,1,NVML_ERROR_3,15184466789152,32
2026-10-09T18:26:51.483294+00:00,0,97,210,405,13499,43,1,8,1,NVML_ERROR_3,15184466789152,32
2026-10-09T18:26:52.543001+00:00,0,48,210,405,13024,43,1,8,1,NVML_ERROR_3,15184466789152,32
2026-10-09T18:26:53.605066+00:00,0,0,210,405,13095,43,1,8,1,NVML_ERROR_3,15184466789152,32
2026-10-09T18:26:54.671134+00:00,0,0,210,405,13427,43,1,8,1,NVML_ERROR_3,15184466789152,32
2026-10-09T18:26:55.724901+00:00,0,0,210,405,13109,43,1,8,1,NVML_ERROR_3,15184466789152,32
2026-10-09T18:26:56.778376+00:00,0,0,210,405,13042,43,1,8,1,NVML_ERROR_3,15184466789152,32
2026-10-09T18:26:57.837124+00:00,537,48,210,405,13060,43,1,8,1,NVML_ERROR_3,15184466789152,32
2026-10-09T18:26:58.897426+00:00,0,48,210,405,13061,42,1,8,1,NVML_ERROR_3,15184466789152,32
2026-10-09T18:26:59.957558+00:00,0,3125,210,405,13257,42,1,8,1,NVML_ERROR_3,15184466789152,32
2026-10-09T18:27:01.017818+00:00,0,0,210,405,12882,42,1,8,1,NVML_ERROR_3,15184466789152,32
2026-10-09T18:27:02.080780+00:00,0,0,210,405,12882,43,1,8,1,NVML_ERROR_3,15184466789152,32
2026-10-09T18:27:03.142387+00:00,0,0,210,405,17140,43,1,8,1,NVML_ERROR_3,15184466789152,32
2026-10-09T18:27:04.201351+00:00,0,0,210,405,13614,43,1,8,1,NVML_ERROR_3,15184466789152,32
2026-10-09T18:27:05.266244+00:00,0,0,210,405,13054,42,1,8,1,NVML_ERROR_3,15184466789152,32
2026-10-09T18:27:06.327324+00:00,0,439,210,405,12908,42,1,8,1,NVML_ERROR_3,15184466789152,32
2026-10-09T18:27:07.410559+00:00,48,48,210,405,12891,42,1,8,1,NVML_ERROR_3,15184466789152,32
2026-10-09T18:27:08.475784+00:00,0,0,210,405,13209,42,1,8,1,NVML_ERROR_3,15184466789152,32
2026-10-09T18:27:09.535523+00:00,0,0,210,405,13012,42,1,8,1,NVML_ERROR_3,15184466789152,32
2026-10-09T18:27:10.596627+00:00,0,0,210,405,12911,42,1,8,1,NVML_ERROR_3,15184466789152,32
2026-10-09T18:27:11.656742+00:00,0,0,210,405,13123,42,1,8,1,NVML_ERROR_3,15184466789152,32
2026-10-09T18:27:12.818768+00:00,0,390,210,405,12877,41,1,8,1,NVML_ERROR_3,15184466789152,32
2026-10-09T18:27:13.874437+00:00,0,0,210,405,13098,41,1,8,1,NVML_ERROR_3,15184466789152,32
2026-10-09T18:27:14.935019+00:00,0,3271,210,405,12751,41,1,8,1,NVML_ERROR_3,15184466789152,32
2026-10-09T18:27:15.999803+00:00,0,0,210,405,12701,41,1,8,1,NVML_ERROR_3,15184466789152,32
2026-10-09T18:27:17.056885+00:00,0,0,210,405,20062,42,1,8,1,NVML_ERROR_3,15184466789152,32
2026-10-09T18:27:18.120547+00:00,0,0,210,405,13851,42,1,8,1,NVML_ERROR_3,15184466789152,32
2026-10-09T18:27:19.174410+00:00,0,0,210,405,13100,42,1,8,1,NVML_ERROR_3,15184466789152,32
2026-10-09T18:27:20.232549+00:00,878,0,210,405,12730,41,1,8,1,NVML_ERROR_3,15184466789152,32
2026-10-09T18:27:21.290208+00:00,1708,7861,210,405,12737,41,1,8,1,NVML_ERROR_3,15184466789152,32
2026-10-09T18:27:22.350303+00:00,931347,9618261,2040,9701,114818,51,3,8,1,NVML_ERROR_3,15184466789152,32
2026-10-09T18:27:23.409232+00:00,986914,10309375,2040,9701,142118,52,3,8,1,NVML_ERROR_3,15184466789152,32
2026-10-09T18:27:24.467903+00:00,892675,10309472,2040,9701,142839,53,3,8,1,NVML_ERROR_3,15184466789152,32
2026-10-09T18:27:25.524196+00:00,203808,54980,2040,9701,141698,53,3,8,1,NVML_ERROR_3,15184466789152,32
2026-10-09T18:27:26.587150+00:00,0,0,2040,9701,140512,53,3,8,1,NVML_ERROR_3,15184466789152,32
2026-10-09T18:27:27.650145+00:00,0,0,2040,9701,140366,53,2,8,1,NVML_ERROR_3,15184466789152,32
2026-10-09T18:27:28.715346+00:00,0,0,375,810,21926,45,2,8,1,NVML_ERROR_3,15184466789152,32
2026-10-09T18:27:29.776548+00:00,0,0,210,810,21570,44,1,8,1,NVML_ERROR_3,15184466789152,32
2026-10-09T18:27:30.835869+00:00,0,390,210,405,18086,43,1,8,1,NVML_ERROR_3,15184466789152,32
2026-10-09T18:27:31.897557+00:00,306884,2361279,345,405,23054,44,1,8,1,NVML_ERROR_3,15184466789152,32
2026-10-09T18:27:32.962177+00:00,358154,2547753,2040,9701,168827,55,3,8,1,NVML_ERROR_3,15184466789152,32
2026-10-09T18:27:34.020581+00:00,666162,3520898,2010,9701,274265,64,3,8,4,NVML_ERROR_3,15184466789152,32
2026-10-09T18:27:35.076860+00:00,597753,878320,1950,9701,321413,67,3,8,4,NVML_ERROR_3,15184466789152,32
2026-10-09T18:27:36.133042+00:00,88085,1589111,1980,9701,332221,69,3,8,4,NVML_ERROR_3,15184466789152,32
2026-10-09T18:27:37.189153+00:00,508105,1689794,1905,9701,342170,70,3,8,4,NVML_ERROR_3,15184466789152,32
2026-10-09T18:27:38.256714+00:00,239062,1259472,1875,9701,341849,71,3,8,4,NVML_ERROR_3,15184466789152,32
2026-10-09T18:27:39.321804+00:00,390,537,1980,9701,307924,66,3,8,4,NVML_ERROR_3,15184466789152,32
2026-10-09T18:27:40.377764+00:00,1016113,7351464,2010,9701,196413,66,3,8,1,NVML_ERROR_3,15184466789152,36
2026-10-09T18:27:41.438563+00:00,336572,2855078,1950,9701,287351,71,3,8,4,NVML_ERROR_3,15184466789152,44
2026-10-09T18:27:42.496246+00:00,519824,3053271,1905,9701,341537,73,3,8,4,NVML_ERROR_3,15184466789152,50
2026-10-09T18:27:43.551666+00:00,41650,5277929,1860,9701,343047,73,3,8,4,NVML_ERROR_3,15184466789152,55
2026-10-09T18:27:44.607853+00:00,313134,2248730,1845,9701,343147,74,3,8,4,NVML_ERROR_3,15184466789152,63
2026-10-09T18:27:45.663721+00:00,529541,2918603,1860,9701,339645,74,3,8,4,NVML_ERROR_3,15184466789152,72
2026-10-09T18:27:46.719497+00:00,0,0,1845,9701,346409,75,3,8,4,NVML_ERROR_3,15184466789152,78
2026-10-09T18:27:47.772729+00:00,1178857,7762207,2010,9701,206593,65,3,8,1,NVML_ERROR_3,15184466789152,83
2026-10-09T18:27:48.836753+00:00,44384,3689306,1860,9701,300325,74,3,8,4,NVML_ERROR_3,15184466789152,86
2026-10-09T18:27:49.897513+00:00,75341,104101,1920,9701,345626,75,3,8,4,NVML_ERROR_3,15184466789152,88
2026-10-09T18:27:50.958252+00:00,42529,416064,1845,9701,346980,75,3,8,4,NVML_ERROR_3,15184466789152,90
2026-10-09T18:27:52.021683+00:00,118945,2920605,1845,9701,344956,75,3,8,4,NVML_ERROR_3,15184466789152,92
2026-10-09T18:27:53.084479+00:00,56542,787548,1860,9701,346508,75,3,8,4,NVML_ERROR_3,15184466789152,93
2026-10-09T18:27:54.147152+00:00,0,0,1785,9701,329000,74,3,8,32,NVML_ERROR_3,15184466789152,94
2026-10-09T18:27:55.211069+00:00,868945,3649072,1995,9701,200340,70,3,8,36,NVML_ERROR_3,15184466789152,95
2026-10-09T18:27:56.273093+00:00,100048,4516503,1830,9701,273534,73,3,8,4,NVML_ERROR_3,15184466789152,96
2026-10-09T18:27:57.332815+00:00,154589,72460,1845,9701,341123,75,3,8,4,NVML_ERROR_3,15184466789152,98
2026-10-09T18:27:58.395530+00:00,279296,695849,1845,9701,345843,75,3,8,4,NVML_ERROR_3,15184466789152,98
2026-10-09T18:27:59.457406+00:00,81933,2733984,1815,9701,338813,75,3,8,36,NVML_ERROR_3,15184466789152,98
2026-10-09T18:28:00.521850+00:00,160253,2950683,1965,9701,332347,75,3,8,36,NVML_ERROR_3,15184466789152,99
2026-10-09T18:28:01.574615+00:00,97,0,1920,9701,332832,75,3,8,32,NVML_ERROR_3,15184466789152,99
2026-10-09T18:28:02.636117+00:00,974121,6694042,1995,9701,199321,70,3,8,1,NVML_ERROR_3,15184466789152,99
2026-10-09T18:28:03.701033+00:00,325000,77929,1860,9701,279074,74,3,8,4,NVML_ERROR_3,15184466789152,98
2026-10-09T18:28:04.758691+00:00,560693,6576269,1830,9701,343714,75,3,8,4,NVML_ERROR_3,15184466789152,98
2026-10-09T18:28:05.814849+00:00,97558,5404980,1845,9701,340371,75,3,8,32,NVML_ERROR_3,15184466789152,98
2026-10-09T18:28:06.870106+00:00,326367,775341,1860,9701,339696,76,3,8,36,NVML_ERROR_3,15184466789152,98
2026-10-09T18:28:07.934898+00:00,628369,1154833,1815,9701,338324,76,3,8,32,NVML_ERROR_3,15184466789152,99
2026-10-09T18:28:09.000551+00:00,0,0,1980,9701,311589,72,3,8,36,NVML_ERROR_3,15184466789152,99
2026-10-09T18:28:10.057914+00:00,875488,4453466,1995,9701,199380,71,3,8,1,NVML_ERROR_3,15184466789152,99
2026-10-09T18:28:11.114812+00:00,303369,90380,1905,9701,278337,74,3,8,4,NVML_ERROR_3,15184466789152,99
2026-10-09T18:28:12.171873+00:00,37890,712646,1830,9701,345816,76,3,8,4,NVML_ERROR_3,15184466789152,99
2026-10-09T18:28:13.227437+00:00,132617,210888,1830,9701,336889,75,3,8,32,NVML_ERROR_3,15184466789152,99
2026-10-09T18:28:14.283078+00:00,655908,108349,1845,9701,338784,76,3,8,32,NVML_ERROR_3,15184466789152,99
2026-10-09T18:28:15.339713+00:00,100000,131884,1830,9701,335667,76,3,8,36,NVML_ERROR_3,15184466789152,99
2026-10-09T18:28:16.397481+00:00,0,0,1980,9701,307300,72,3,8,32,NVML_ERROR_3,15184466789152,100
2026-10-09T18:28:17.453730+00:00,1134521,7211816,1995,9701,201443,71,3,8,1,NVML_ERROR_3,15184466789152,99
2026-10-09T18:28:18.516791+00:00,141699,1728613,1890,9701,281843,74,3,8,4,NVML_ERROR_3,15184466789152,99
2026-10-09T18:28:19.575222+00:00,549365,337304,1860,9701,340266,76,3,8,32,NVML_ERROR_3,15184466789152,99
2026-10-09T18:28:20.631400+00:00,337207,167187,1830,9701,333111,76,3,8,32,NVML_ERROR_3,15184466789152,99
2026-10-09T18:28:21.687458+00:00,430224,3241650,1845,9701,335381,76,3,8,36,NVML_ERROR_3,15184466789152,99
2026-10-09T18:28:22.743407+00:00,182324,355566,1830,9701,328851,75,3,8,32,NVML_ERROR_3,15184466789152,99
2026-10-09T18:28:23.799127+00:00,0,3320,1800,9701,338693,77,3,8,32,NVML_ERROR_3,15184466789152,99
2026-10-09T18:28:24.856271+00:00,1008935,6728710,1995,9701,197859,71,3,8,1,NVML_ERROR_3,15184466789152,99
2026-10-09T18:28:25.917368+00:00,231103,10243994,1890,9701,276102,75,3,8,4,NVML_ERROR_3,15184466789152,99
2026-10-09T18:28:26.975869+00:00,75732,128857,1755,9701,336113,75,3,8,32,NVML_ERROR_3,15184466789152,99
2026-10-09T18:28:28.032351+00:00,61132,341796,1830,9701,329601,76,3,8,4,NVML_ERROR_3,15184466789152,99
2026-10-09T18:28:29.088698+00:00,178515,7324560,1785,9701,328312,75,3,8,32,NVML_ERROR_3,15184466789152,99
2026-10-09T18:28:30.144789+00:00,77294,3172070,1830,9701,328910,76,3,8,32,NVML_ERROR_3,15184466789152,99
2026-10-09T18:28:31.200382+00:00,59326,1039746,1905,9701,328113,75,3,8,32,NVML_ERROR_3,15184466789152,99
2026-10-09T18:28:32.257560+00:00,1046289,7089257,1995,9701,256349,69,3,8,1,NVML_ERROR_3,15184466789152,99
2026-10-09T18:28:33.320597+00:00,176269,838037,1995,9701,223211,71,3,8,1,NVML_ERROR_3,15184466789152,99
2026-10-09T18:28:34.378987+00:00,174267,7899853,1830,9701,340945,76,3,8,4,NVML_ERROR_3,15184466789152,99
2026-10-09T18:28:35.434753+00:00,153808,90625,1800,9701,331551,76,3,8,32,NVML_ERROR_3,15184466789152,99
2026-10-09T18:28:36.492019+00:00,435595,265185,1785,9701,333438,76,3,8,32,NVML_ERROR_3,15184466789152,99
2026-10-09T18:28:37.548012+00:00,302734,476074,1845,9701,329952,76,3,8,32,NVML_ERROR_3,15184466789152,99
2026-10-09T18:28:38.604080+00:00,662207,88671,1785,9701,324096,75,3,8,32,NVML_ERROR_3,15184466789152,99
2026-10-09T18:28:39.661001+00:00,1195068,6816748,1995,9701,228980,68,3,8,1,NVML_ERROR_3,15184466789152,99
2026-10-09T18:28:40.725441+00:00,259765,6038574,1995,9701,235388,70,3,8,1,NVML_ERROR_3,15184466789152,99
2026-10-09T18:28:41.783164+00:00,137939,831005,1830,9701,330949,76,3,8,4,NVML_ERROR_3,15184466789152,99
2026-10-09T18:28:42.840340+00:00,154052,108886,1785,9701,330954,76,3,8,32,NVML_ERROR_3,15184466789152,99
2026-10-09T18:28:43.897641+00:00,160595,2163134,1830,9701,328843,76,3,8,32,NVML_ERROR_3,15184466789152,99
2026-10-09T18:28:44.953186+00:00,397705,5993066,1785,9701,327830,76,3,8,32,NVML_ERROR_3,15184466789152,99
2026-10-09T18:28:46.010436+00:00,69531,97,1830,9701,321821,76,3,8,32,NVML_ERROR_3,15184466789152,99
2026-10-09T18:28:47.066976+00:00,1078759,7655175,1995,9701,211042,69,3,8,1,NVML_ERROR_3,15184466789152,99
2026-10-09T18:28:48.128995+00:00,779882,2029443,1845,9701,264978,74,3,8,4,NVML_ERROR_3,15184466789152,99
2026-10-09T18:28:49.186253+00:00,342919,4119433,1935,9701,336537,77,3,8,36,NVML_ERROR_3,15184466789152,99
2026-10-09T18:28:50.243640+00:00,175439,8447119,1785,9701,329071,76,3,8,32,NVML_ERROR_3,15184466789152,99
2026-10-09T18:28:51.299451+00:00,50439,2933056,1785,9701,321747,76,3,8,32,NVML_ERROR_3,15184466789152,99
2026-10-09T18:28:52.356559+00:00,121533,3046289,1800,9701,330196,76,3,8,32,NVML_ERROR_3,15184466789152,99
2026-10-09T18:28:53.412551+00:00,55371,4170703,1830,9701,327871,76,3,8,32,NVML_ERROR_3,15184466789152,99
2026-10-09T18:28:54.468730+00:00,0,0,1995,9701,255419,69,3,8,1,NVML_ERROR_3,15184466789152,99
2026-10-09T18:28:55.530450+00:00,1160449,10636572,1980,9701,210911,72,3,8,4,NVML_ERROR_3,15184466789152,99
2026-10-09T18:28:56.592772+00:00,1252880,10474755,1980,9701,241440,71,3,8,4,NVML_ERROR_3,15184466789152,99
2026-10-09T18:28:57.656987+00:00,948876,10647021,1980,9701,235085,71,3,8,4,NVML_ERROR_3,15184466789152,99
2026-10-09T18:28:58.714222+00:00,909863,10538720,1980,9701,229501,70,3,8,4,NVML_ERROR_3,15184466789152,99
2026-10-09T18:28:59.770079+00:00,890234,10615771,1980,9701,229635,70,3,8,4,NVML_ERROR_3,15184466789152,99
2026-10-09T18:29:00.825701+00:00,282519,8171679,1995,9701,208581,69,3,8,1,NVML_ERROR_3,15184466789152,98
2026-10-09T18:29:01.882459+00:00,216357,6646679,1980,9701,318410,75,3,8,4,NVML_ERROR_3,15184466789152,97
2026-10-09T18:29:02.940079+00:00,360449,2977148,1860,9701,334534,76,3,8,32,NVML_ERROR_3,15184466789152,98
2026-10-09T18:29:03.996235+00:00,422021,3010107,1845,9701,327352,75,3,8,32,NVML_ERROR_3,15184466789152,98
2026-10-09T18:29:05.053361+00:00,204931,2547070,1815,9701,323411,76,3,8,32,NVML_ERROR_3,15184466789152,99
2026-10-09T18:29:06.110472+00:00,335644,232617,1755,9701,325345,76,3,8,32,NVML_ERROR_3,15184466789152,99
2026-10-09T18:29:07.166883+00:00,0,0,1800,9701,324642,75,3,8,32,NVML_ERROR_3,15184466789152,99
2026-10-09T18:29:08.225961+00:00,1134375,10683837,1995,9701,191775,69,3,8,1,NVML_ERROR_3,15184466789152,99
2026-10-09T18:29:09.287859+00:00,1027587,10727294,1980,9701,241799,71,3,8,4,NVML_ERROR_3,15184466789152,99
2026-10-09T18:29:10.347346+00:00,912255,10644970,1935,9701,232248,71,3,8,4,NVML_ERROR_3,15184466789152,99
2026-10-09T18:29:11.403660+00:00,890087,10627734,1980,9701,228409,71,3,8,4,NVML_ERROR_3,15184466789152,99
2026-10-09T18:29:12.459621+00:00,946093,10596386,1995,9701,232212,70,3,8,1,NVML_ERROR_3,15184466789152,99
2026-10-09T18:29:13.516731+00:00,949072,10580029,1995,9701,218008,69,3,8,1,NVML_ERROR_3,15184466789152,98
2026-10-09T18:29:14.574041+00:00,221582,1142089,1965,9701,257006,74,3,8,4,NVML_ERROR_3,15184466789152,97
2026-10-09T18:29:15.631779+00:00,290771,7112402,1875,9701,334253,76,3,8,4,NVML_ERROR_3,15184466789152,98
2026-10-09T18:29:16.687473+00:00,567578,3304785,1815,9701,327785,75,3,8,32,NVML_ERROR_3,15184466789152,98
2026-10-09T18:29:17.743311+00:00,36083,1283007,1770,9701,321779,76,3,8,32,NVML_ERROR_3,15184466789152,98
2026-10-09T18:29:18.799888+00:00,656738,91699,1800,9701,321205,76,3,8,32,NVML_ERROR_3,15184466789152,98
2026-10-09T18:29:19.860090+00:00,732,390,1980,9701,312553,72,3,8,36,NVML_ERROR_3,15184466789152,99
2026-10-09T18:29:20.919562+00:00,1332275,10635644,1980,9701,185033,71,3,8,4,NVML_ERROR_3,15184466789152,99
2026-10-09T18:29:21.986346+00:00,1218457,10601171,1980,9701,243402,71,3,8,4,NVML_ERROR_3,15184466789152,99
2026-10-09T18:29:23.050460+00:00,1026416,10684814,1980,9701,235352,71,3,8,4,NVML_ERROR_3,15184466789152,99
2026-10-09T18:29:24.109414+00:00,909863,10580712,1995,9701,231319,71,3,8,1,NVML_ERROR_3,15184466789152,98
2026-10-09T18:29:25.165561+00:00,855712,10539257,1980,9701,232837,70,3,8,4,NVML_ERROR_3,15184466789152,98
2026-10-09T18:29:26.219750+00:00,863671,10632666,1965,9701,224318,70,3,8,4,NVML_ERROR_3,15184466789152,98
2026-10-09T18:29:27.275508+00:00,81689,10359521,1980,9701,215516,72,3,8,4,NVML_ERROR_3,15184466789152,97
2026-10-09T18:29:28.335281+00:00,135107,3477832,1785,9701,340077,76,3,8,32,NVML_ERROR_3,15184466789152,97
2026-10-09T18:29:29.396399+00:00,96093,674316,1800,9701,330195,76,3,8,32,NVML_ERROR_3,15184466789152,97
2026-10-09T18:29:30.458083+00:00,203613,6997509,1815,9701,328116,76,3,8,32,NVML_ERROR_3,15184466789152,98
2026-10-09T18:29:31.522277+00:00,114355,986181,1920,9701,324490,76,3,8,32,NVML_ERROR_3,15184466789152,99
2026-10-09T18:29:32.584920+00:00,146,97,1770,9701,324125,75,3,8,32,NVML_ERROR_3,15184466789152,99
2026-10-09T18:29:33.646316+00:00,1188330,10690771,1950,9701,208299,69,3,8,1,NVML_ERROR_3,15184466789152,99
2026-10-09T18:29:34.709966+00:00,1050048,10837451,1980,9701,231809,72,3,8,4,NVML_ERROR_3,15184466789152,99
2026-10-09T18:29:35.769901+00:00,1014453,10617675,1980,9701,236774,71,3,8,4,NVML_ERROR_3,15184466789152,98
2026-10-09T18:29:36.828415+00:00,923388,10532470,1980,9701,230683,70,3,8,4,NVML_ERROR_3,15184466789152,99
2026-10-09T18:29:37.885076+00:00,889892,10595214,1980,9701,234633,70,3,8,4,NVML_ERROR_3,15184466789152,98
2026-10-09T18:29:38.940495+00:00,1211572,10411621,1980,9701,222109,69,3,8,4,NVML_ERROR_3,15184466789152,98
2026-10-09T18:29:40.005409+00:00,199316,1318603,1905,9701,238520,74,3,8,4,NVML_ERROR_3,15184466789152,97
2026-10-09T18:29:41.067469+00:00,67822,1417480,1830,9701,335096,76,3,8,4,NVML_ERROR_3,15184466789152,97
2026-10-09T18:29:42.127878+00:00,1209619,496679,1860,9701,324543,76,3,8,32,NVML_ERROR_3,15184466789152,97
2026-10-09T18:29:43.189449+00:00,1024218,2671533,1800,9701,329328,77,3,8,32,NVML_ERROR_3,15184466789152,97
2026-10-09T18:29:44.252202+00:00,83007,9418896,1935,9701,315516,76,3,8,32,NVML_ERROR_3,15184466789152,98
2026-10-09T18:29:45.311676+00:00,322558,240771,1875,9701,318628,76,3,8,32,NVML_ERROR_3,15184466789152,99
2026-10-09T18:29:46.373140+00:00,1265087,10628417,1800,9701,193213,71,3,8,4,NVML_ERROR_3,15184466789152,99
2026-10-09T18:29:47.439051+00:00,1075927,10585449,1965,9701,239290,71,3,8,4,NVML_ERROR_3,15184466789152,99
2026-10-09T18:29:48.499562+00:00,1131103,10555126,1980,9701,235849,71,3,8,4,NVML_ERROR_3,15184466789152,99
2026-10-09T18:29:49.561599+00:00,1212304,10680566,1905,9701,231557,71,3,8,4,NVML_ERROR_3,15184466789152,98
2026-10-09T18:29:50.620552+00:00,990429,10626318,1980,9701,231361,71,3,8,4,NVML_ERROR_3,15184466789152,98
2026-10-09T18:29:51.678449+00:00,1032324,10635791,1980,9701,224806,71,3,8,4,NVML_ERROR_3,15184466789152,98
2026-10-09T18:29:52.737859+00:00,849365,6736230,1980,9701,204392,72,3,8,1,NVML_ERROR_3,15184466789152,97
2026-10-09T18:29:53.797144+00:00,100439,1576220,1905,9701,327583,75,3,8,4,NVML_ERROR_3,15184466789152,97
2026-10-09T18:29:54.855806+00:00,272558,341406,1800,9701,328515,76,3,8,32,NVML_ERROR_3,15184466789152,97
2026-10-09T18:29:55.918978+00:00,65332,900244,1815,9701,328264,76,3,8,32,NVML_ERROR_3,15184466789152,98
2026-10-09T18:29:56.980674+00:00,547656,5590771,1800,9701,320446,76,3,8,32,NVML_ERROR_3,15184466789152,99
2026-10-09T18:29:58.042578+00:00,341259,120019,1770,9701,325536,76,3,8,32,NVML_ERROR_3,15184466789152,98
2026-10-09T18:29:59.107251+00:00,0,0,1980,9701,300102,71,3,8,36,NVML_ERROR_3,15184466789152,99
2026-10-09T18:30:00.169759+00:00,1193798,10658056,1980,9701,192649,71,3,8,4,NVML_ERROR_3,15184466789152,99
2026-10-09T18:30:01.233237+00:00,1067431,10600537,1965,9701,241220,72,3,8,4,NVML_ERROR_3,15184466789152,99
2026-10-09T18:30:02.292966+00:00,1204296,10738232,1905,9701,234850,71,3,8,1,NVML_ERROR_3,15184466789152,98
2026-10-09T18:30:03.352653+00:00,791894,10639355,1950,9701,231166,71,3,8,1,NVML_ERROR_3,15184466789152,98
2026-10-09T18:30:04.405462+00:00,1317041,10690527,1965,9701,230772,70,3,8,4,NVML_ERROR_3,15184466789152,98
2026-10-09T18:30:05.471966+00:00,546679,7969433,1995,9701,204435,67,3,8,1,NVML_ERROR_3,15184466789152,98
2026-10-09T18:30:06.533973+00:00,1069287,6155224,1980,9701,294381,75,3,8,4,NVML_ERROR_3,15184466789152,97
2026-10-09T18:30:07.592958+00:00,538134,1622070,1845,9701,326645,77,3,8,4,NVML_ERROR_3,15184466789152,97
2026-10-09T18:30:08.654481+00:00,97216,5040478,1800,9701,329437,76,3,8,32,NVML_ERROR_3,15184466789152,98
2026-10-09T18:30:09.718551+00:00,403857,93212,1830,9701,329677,76,3,8,32,NVML_ERROR_3,15184466789152,98
2026-10-09T18:30:10.782211+00:00,144287,126953,1845,9701,324251,76,3,8,32,NVML_ERROR_3,15184466789152,99
2026-10-09T18:30:11.843877+00:00,16894,634,1815,9701,327465,76,3,8,32,NVML_ERROR_3,15184466789152,100
2026-10-09T18:30:12.905578+00:00,1305664,10494238,1815,9701,191631,72,3,8,4,NVML_ERROR_3,15184466789152,99
2026-10-09T18:30:13.966729+00:00,1426025,10748486,1980,9701,241471,71,3,8,4,NVML_ERROR_3,15184466789152,99
2026-10-09T18:30:15.036591+00:00,1051513,10635693,1980,9701,237523,71,3,8,4,NVML_ERROR_3,15184466789152,99
2026-10-09T18:30:16.096938+00:00,1100683,10788427,1980,9701,233490,71,3,8,4,NVML_ERROR_3,15184466789152,99
2026-10-09T18:30:17.158555+00:00,992871,10775195,1980,9701,230874,70,3,8,4,NVML_ERROR_3,15184466789152,99
2026-10-09T18:30:18.217125+00:00,5963330,10767675,1980,9701,228440,70,3,8,4,NVML_ERROR_3,15184466789152,99
2026-10-09T18:30:19.277631+00:00,308740,9184960,1905,9701,209021,73,3,8,4,NVML_ERROR_3,15184466789152,98
2026-10-09T18:30:20.338081+00:00,68261,2572558,1875,9701,334175,75,3,8,32,NVML_ERROR_3,15184466789152,98
2026-10-09T18:30:21.398044+00:00,932275,7356152,1950,9701,316407,76,3,8,32,NVML_ERROR_3,15184466789152,98
2026-10-09T18:30:22.459157+00:00,72460,1904003,1785,9701,315895,76,3,8,32,NVML_ERROR_3,15184466789152,98
2026-10-09T18:30:23.520023+00:00,158789,247998,1830,9701,325973,77,3,8,32,NVML_ERROR_3,15184466789152,98
2026-10-09T18:30:24.582905+00:00,586132,190869,1860,9701,320784,76,3,8,32,NVML_ERROR_3,15184466789152,99
2026-10-09T18:30:25.648539+00:00,1225830,10204980,1995,9701,230006,68,3,8,1,NVML_ERROR_3,15184466789152,99
2026-10-09T18:30:26.712826+00:00,1046533,10802978,1980,9701,225242,71,3,8,4,NVML_ERROR_3,15184466789152,99
2026-10-09T18:30:27.773178+00:00,1050097,10679589,1980,9701,237671,71,3,8,4,NVML_ERROR_3,15184466789152,99
2026-10-09T18:30:28.832830+00:00,1228906,10639111,1980,9701,230536,70,3,8,4,NVML_ERROR_3,15184466789152,98
2026-10-09T18:30:29.892371+00:00,1028564,10586718,1965,9701,231424,72,3,8,4,NVML_ERROR_3,15184466789152,99
2026-10-09T18:30:30.951225+00:00,979394,10433496,1980,9701,223118,70,3,8,4,NVML_ERROR_3,15184466789152,98
2026-10-09T18:30:32.009691+00:00,205957,1354980,1935,9701,223591,73,3,8,4,NVML_ERROR_3,15184466789152,97
2026-10-09T18:30:33.071039+00:00,201416,363964,1845,9701,339412,77,3,8,4,NVML_ERROR_3,15184466789152,98
2026-10-09T18:30:34.134371+00:00,589453,1154785,1830,9701,332678,76,3,8,32,NVML_ERROR_3,15184466789152,98
2026-10-09T18:30:35.198276+00:00,174365,1197265,1830,9701,327583,76,3,8,32,NVML_ERROR_3,15184466789152,98
2026-10-09T18:30:36.260397+00:00,503955,8594775,1785,9701,325743,76,3,8,32,NVML_ERROR_3,15184466789152,99
2026-10-09T18:30:37.323894+00:00,67285,5648388,1830,9701,319914,77,3,8,36,NVML_ERROR_3,15184466789152,99
2026-10-09T18:30:38.385359+00:00,585,48,1995,9701,243608,69,3,8,1,NVML_ERROR_3,15184466789152,99
2026-10-09T18:30:39.448963+00:00,1068603,10742968,1875,9701,218790,71,3,8,4,NVML_ERROR_3,15184466789152,99
2026-10-09T18:30:40.509531+00:00,1101904,10454150,1980,9701,241035,71,3,8,4,NVML_ERROR_3,15184466789152,99
2026-10-09T18:30:41.570847+00:00,1055664,10715625,1980,9701,232668,71,3,8,4,NVML_ERROR_3,15184466789152,99
2026-10-09T18:30:42.630944+00:00,975683,10575976,1965,9701,226207,71,3,8,4,NVML_ERROR_3,15184466789152,99
2026-10-09T18:30:43.688621+00:00,987646,10612841,1980,9701,232773,71,3,8,4,NVML_ERROR_3,15184466789152,99
2026-10-09T18:30:44.747035+00:00,160400,3811474,1995,9701,211530,68,3,8,1,NVML_ERROR_3,15184466789152,98
2026-10-09T18:30:45.806048+00:00,247851,233251,1875,9701,276444,76,3,8,4,NVML_ERROR_3,15184466789152,98
2026-10-09T18:30:46.867141+00:00,73144,2778710,1815,9701,322808,76,3,8,32,NVML_ERROR_3,15184466789152,98
2026-10-09T18:30:47.929950+00:00,48583,410302,1815,9701,323381,76,3,8,32,NVML_ERROR_3,15184466789152,98
2026-10-09T18:30:48.990804+00:00,944384,2199804,1845,9701,322426,76,3,8,32,NVML_ERROR_3,15184466789152,98
2026-10-09T18:30:50.051668+00:00,92578,83007,1845,9701,321026,76,3,8,32,NVML_ERROR_3,15184466789152,99
2026-10-09T18:30:51.113415+00:00,97,0,1980,9701,295419,71,3,8,36,NVML_ERROR_3,15184466789152,99
2026-10-09T18:30:52.177389+00:00,1109179,10610937,1980,9701,191100,72,3,8,4,NVML_ERROR_3,15184466789152,99
2026-10-09T18:30:53.238431+00:00,1106933,10610107,1980,9701,242147,72,3,8,4,NVML_ERROR_3,15184466789152,99
2026-10-09T18:30:54.299347+00:00,1235791,10594824,1950,9701,236183,71,3,8,4,NVML_ERROR_3,15184466789152,98
2026-10-09T18:30:55.358237+00:00,1007226,10567724,1980,9701,229246,72,3,8,4,NVML_ERROR_3,15184466789152,99
2026-10-09T18:30:56.417148+00:00,993359,10572558,1980,9701,231980,71,3,8,4,NVML_ERROR_3,15184466789152,98
2026-10-09T18:30:57.475437+00:00,361035,3870312,1995,9701,204418,67,3,8,1,NVML_ERROR_3,15184466789152,98
2026-10-09T18:30:58.533944+00:00,367773,891406,1875,9701,297311,77,3,8,4,NVML_ERROR_3,15184466789152,98
2026-10-09T18:30:59.595566+00:00,479101,102783,1845,9701,339439,76,3,8,32,NVML_ERROR_3,15184466789152,98
2026-10-09T18:31:00.657753+00:00,104443,907470,1785,9701,328036,76,3,8,32,NVML_ERROR_3,15184466789152,99
2026-10-09T18:31:01.720822+00:00,44091,118750,1695,9701,325413,75,3,8,32,NVML_ERROR_3,15184466789152,99
2026-10-09T18:31:02.782401+00:00,435107,1190234,1740,9701,309839,76,3,8,32,NVML_ERROR_3,15184528237120,99
2026-10-09T18:31:03.844280+00:00,0,439,1995,9701,247866,69,3,8,1,NVML_ERROR_3,15184528237120,99
2026-10-09T18:31:04.907234+00:00,1163671,10669384,1965,9701,211056,72,3,8,4,NVML_ERROR_3,15184528237120,99
2026-10-09T18:31:05.969671+00:00,1095556,10725976,1980,9701,242539,71,3,8,4,NVML_ERROR_3,15184528237120,99
2026-10-09T18:31:07.030865+00:00,986328,10682910,1980,9701,236848,71,3,8,4,NVML_ERROR_3,15184528237120,99
2026-10-09T18:31:08.089412+00:00,968750,10561718,1995,9701,230877,71,3,8,4,NVML_ERROR_3,15184528237120,98
2026-10-09T18:31:09.147131+00:00,1019335,10630615,1905,9701,231728,70,3,8,1,NVML_ERROR_3,15184528237120,98
2026-10-09T18:31:10.206057+00:00,527001,3667724,1995,9701,217628,68,3,8,1,NVML_ERROR_3,15184528237120,98
2026-10-09T18:31:11.267471+00:00,279492,5043798,1845,9701,266082,75,3,8,4,NVML_ERROR_3,15184528237120,98
2026-10-09T18:31:12.328755+00:00,99072,1026708,1785,9701,335173,76,3,8,32,NVML_ERROR_3,15184528237120,98
2026-10-09T18:31:13.392208+00:00,208154,106347,1800,9701,323597,76,3,8,32,NVML_ERROR_3,15184528237120,98
2026-10-09T18:31:14.453219+00:00,55859,2616455,1770,9701,324694,76,3,8,32,NVML_ERROR_3,15184528237120,99
2026-10-09T18:31:15.514981+00:00,340136,239794,1890,9701,317881,76,3,8,32,NVML_ERROR_3,15184528237120,99
2026-10-09T18:31:16.580282+00:00,0,97,1860,9701,321863,76,3,8,32,NVML_ERROR_3,15184528237120,99
2026-10-09T18:31:17.646681+00:00,0,0,1995,9701,181976,68,3,8,1,NVML_ERROR_3,15184528237120,99
2026-10-09T18:31:18.715744+00:00,878,0,1995,9701,169586,63,3,8,1,NVML_ERROR_3,15184528237120,96
2026-10-09T18:31:19.781559+00:00,0,390,450,5001,142014,60,3,8,1,NVML_ERROR_3,15184528237120,89
2026-10-09T18:31:20.842139+00:00,0,439,210,5001,84030,59,3,8,1,NVML_ERROR_3,15184528237120,84
2026-10-09T18:31:21.899367+00:00,0,48,210,5001,82768,59,3,8,1,NVML_ERROR_3,15184528237120,78
2026-10-09T18:31:22.968278+00:00,0,0,210,5001,82050,58,2,8,1,NVML_ERROR_3,15184528237120,73
2026-10-09T18:31:24.025263+00:00,244,0,210,810,59980,58,2,8,1,NVML_ERROR_3,15184528237120,68
2026-10-09T18:31:25.089977+00:00,0,48,210,405,28858,53,1,8,1,NVML_ERROR_3,15184528237120,63
2026-10-09T18:31:26.146882+00:00,0,0,210,405,17632,52,1,8,1,NVML_ERROR_3,15184528237120,58
2026-10-09T18:31:27.205438+00:00,0,0,210,405,15201,52,1,8,1,NVML_ERROR_3,15184528237120,52
2026-10-09T18:31:28.266596+00:00,0,48,210,405,14603,51,1,8,1,NVML_ERROR_3,15184528237120,47
