Time (%),Total Time (ns),Num Calls,Avg (ns),Med (ns),Min (ns),Max (ns),StdDev (ns),Name
40.1,1708343594,1540,1109314.0,211195.0,94609,14515938,1395292.0,cudaGraphLaunch
28.4,1209750181,1795,673955.5,63371.0,784,190689799,5379333.1,cudaStreamSynchronize
13.8,589151047,34963,16850.7,9797.0,908,1785257,30877.5,cudaLaunchKernel
5.5,233949650,9581,24418.1,7758.0,4814,94406528,964637.5,cudaMemcpyAsync
3.3,139146596,128,1087082.8,3187.0,2326,11427246,2718883.7,cudaEventSynchronize
2.9,122807282,12,10233940.2,9631430.5,710769,25811325,7545659.4,cuLibraryLoadData
1.5,66049751,218,302980.5,37785.5,20441,18495536,1825565.3,cudaMemcpy
1.4,57582972,15,3838864.8,339346.0,114643,17573215,5708039.8,cudaGraphInstantiate
0.9,40136547,2290,17526.9,8439.5,3374,633783,30681.6,cudaMemsetAsync
0.6,27308617,7400,3690.4,1822.0,432,216014,9087.4,cudaEventRecord
0.4,18782946,6692,2806.8,1528.5,525,213210,8408.1,cudaStreamWaitEvent
0.3,12178670,34963,348.3,199.0,93,157478,2586.1,cuKernelGetName
0.3,10726850,794,13509.9,8390.5,5934,101952,15182.5,cudaLaunchKernelExC
0.2,7785609,14,556114.9,147311.0,64196,1891682,638073.7,cudaGraphUpload
0.2,7131214,482,14795.0,9449.5,6978,250250,21375.1,cuLaunchKernel
0.1,4321316,15,288087.7,23275.0,10463,1243823,407917.3,cudaGraphDestroy
0.1,2380953,9,264550.3,168861.0,19532,855839,291613.2,cudaMalloc
0.0,1942910,4,485727.5,435026.0,340846,732012,183026.1,cudaHostAlloc
0.0,1387987,15,92532.5,4537.0,2902,364719,137925.2,cudaStreamEndCapture
0.0,709149,2,354574.5,354574.5,291986,417163,88513.5,cudaFreeHost
0.0,700071,512,1367.3,1295.5,759,7522,460.6,cudaStreamIsCapturing
0.0,371793,482,771.4,774.5,213,29085,1329.8,cuKernelGetFunction
0.0,360348,15,24023.2,3417.0,1914,309776,79067.4,cudaStreamBeginCapture
0.0,231170,5,46234.0,47371.0,40740,49706,3930.9,cudaMemGetInfo
0.0,148852,17,8756.0,6961.0,1267,46927,10034.5,cuLibraryGetKernel
0.0,16378,2,8189.0,8189.0,6613,9765,2228.8,cudaDeviceSynchronize
0.0,9967,6,1661.2,760.5,558,3997,1560.4,cudaEventCreate
0.0,586,1,586.0,586.0,586,586,0.0,cudaGetDeviceProperties
