kv_mode,stage_cells,capacity,bytes_needed,max_blob,uniform_maxblob_slots,ring_slots
1,262144,192,616738304,2662400,232,8
1,262144,256,634726144,2662400,239,8
1,262144,3072,2681003776,2662400,1007,384
1,32768,192,374517248,2662400,141,8
1,32768,256,392505088,2662400,148,8
1,32768,3072,2438782720,2662400,917,384
1,3072,192,343158272,2662400,129,8
1,3072,256,361146112,2662400,136,8
1,3072,3072,2407423744,2662400,905,384
1,192,192,340116992,2662400,128,8
1,192,256,358104832,2662400,135,8
1,192,3072,2404382464,2662400,904,384
