kv_mode,capacity,bytes_needed,max_blob,uniform_maxblob_slots,ring_slots
1,64,580762624,2662400,219,8
1,128,598750464,2662400,225,8
1,160,607744512,2662400,229,8
1,163,608588544,2662400,229,8
1,192,616738304,2662400,232,8
1,224,625732352,2662400,236,8
1,256,634726144,2662400,239,8
1,512,706677504,2662400,266,8
1,1024,1874132736,2662400,704,384
1,3072,2681003776,2662400,1007,384
1,8192,4698181376,2662400,1765,384
2,64,303937536,2662400,115,8
2,128,321925376,2662400,121,8
2,160,330919424,2662400,125,8
2,163,331763456,2662400,125,8
2,192,339913216,2662400,128,8
2,224,348907264,2662400,132,8
2,256,357901056,2662400,135,8
2,512,429852416,2662400,162,8
2,1024,1597307648,2662400,600,384
2,3072,2404178688,2662400,904,384
2,8192,4421356288,2662400,1661,384
