workers,tasks,gu_type,nt,jobs,repeat,ms_per_layer,parity
9,30,22,1,1,0,0.064332,pass
9,30,22,1,1,1,0.064887,pass
9,30,22,1,1,2,0.065359,pass
9,30,22,1,1,3,0.064504,pass
9,30,22,1,1,4,0.064996,pass
18,30,22,1,1,0,0.063736,pass
18,30,22,1,1,1,0.100302,pass
18,30,22,1,1,2,0.064757,pass
18,30,22,1,1,3,0.082688,pass
18,30,22,1,1,4,0.063766,pass
18,30,22,1,1,0,0.063262,pass
18,30,22,1,1,1,0.063124,pass
18,30,22,1,1,2,0.064984,pass
18,30,22,1,1,3,0.076852,pass
18,30,22,1,1,4,0.063418,pass
9,30,22,1,1,0,0.064122,pass
9,30,22,1,1,1,0.062899,pass
9,30,22,1,1,2,0.062771,pass
9,30,22,1,1,3,0.062805,pass
9,30,22,1,1,4,0.062807,pass
9,30,22,1,3,0,0.194501,pass
9,30,22,1,3,1,0.189946,pass
9,30,22,1,3,2,0.186791,pass
9,30,22,1,3,3,0.182812,pass
9,30,22,1,3,4,0.185013,pass
18,30,22,1,3,0,0.184148,pass
18,30,22,1,3,1,0.183487,pass
18,30,22,1,3,2,0.190654,pass
18,30,22,1,3,3,0.206943,pass
18,30,22,1,3,4,0.257157,pass
18,30,22,1,3,0,0.180786,pass
18,30,22,1,3,1,0.182825,pass
18,30,22,1,3,2,0.184862,pass
18,30,22,1,3,3,0.187577,pass
18,30,22,1,3,4,0.182513,pass
9,30,22,1,3,0,0.162212,pass
9,30,22,1,3,1,0.158989,pass
9,30,22,1,3,2,0.156437,pass
9,30,22,1,3,3,0.175704,pass
9,30,22,1,3,4,0.184885,pass
9,30,22,1,6,0,0.359029,pass
9,30,22,1,6,1,0.360254,pass
9,30,22,1,6,2,0.359500,pass
9,30,22,1,6,3,0.321325,pass
9,30,22,1,6,4,0.337335,pass
18,30,22,1,6,0,0.456024,pass
18,30,22,1,6,1,0.506896,pass
18,30,22,1,6,2,0.441237,pass
18,30,22,1,6,3,0.362870,pass
18,30,22,1,6,4,0.410722,pass
18,30,22,1,6,0,0.359449,pass
18,30,22,1,6,1,0.357461,pass
18,30,22,1,6,2,0.359054,pass
18,30,22,1,6,3,0.359174,pass
18,30,22,1,6,4,0.361058,pass
9,30,22,1,6,0,0.304878,pass
9,30,22,1,6,1,0.306355,pass
9,30,22,1,6,2,0.306733,pass
9,30,22,1,6,3,0.310850,pass
9,30,22,1,6,4,0.318169,pass
9,30,22,2,1,0,0.113790,pass
9,30,22,2,1,1,0.066389,pass
9,30,22,2,1,2,0.063182,pass
9,30,22,2,1,3,0.063423,pass
9,30,22,2,1,4,0.064012,pass
18,30,22,2,1,0,0.072334,pass
18,30,22,2,1,1,0.074227,pass
18,30,22,2,1,2,0.072378,pass
18,30,22,2,1,3,0.073184,pass
18,30,22,2,1,4,0.072610,pass
18,30,22,2,1,0,0.071471,pass
18,30,22,2,1,1,0.072095,pass
18,30,22,2,1,2,0.072183,pass
18,30,22,2,1,3,0.072028,pass
18,30,22,2,1,4,0.071927,pass
9,30,22,2,1,0,0.065862,pass
9,30,22,2,1,1,0.062589,pass
9,30,22,2,1,2,0.066812,pass
9,30,22,2,1,3,0.062479,pass
9,30,22,2,1,4,0.062421,pass
9,30,22,2,3,0,0.174436,pass
9,30,22,2,3,1,0.213884,pass
9,30,22,2,3,2,0.224514,pass
9,30,22,2,3,3,0.189489,pass
9,30,22,2,3,4,0.176238,pass
18,30,22,2,3,0,0.206456,pass
18,30,22,2,3,1,0.206872,pass
18,30,22,2,3,2,0.206115,pass
18,30,22,2,3,3,0.206386,pass
18,30,22,2,3,4,0.205787,pass
18,30,22,2,3,0,0.206670,pass
18,30,22,2,3,1,0.221310,pass
18,30,22,2,3,2,0.208638,pass
18,30,22,2,3,3,0.214898,pass
18,30,22,2,3,4,0.206363,pass
9,30,22,2,3,0,0.174876,pass
9,30,22,2,3,1,0.176099,pass
9,30,22,2,3,2,0.176343,pass
9,30,22,2,3,3,0.180832,pass
9,30,22,2,3,4,0.193090,pass
9,30,22,2,6,0,0.354602,pass
9,30,22,2,6,1,0.345284,pass
9,30,22,2,6,2,0.343090,pass
9,30,22,2,6,3,0.342792,pass
9,30,22,2,6,4,0.342059,pass
18,30,22,2,6,0,0.438551,pass
18,30,22,2,6,1,0.416668,pass
18,30,22,2,6,2,0.492255,pass
18,30,22,2,6,3,0.586941,pass
18,30,22,2,6,4,0.510510,pass
18,30,22,2,6,0,0.432690,pass
18,30,22,2,6,1,0.417808,pass
18,30,22,2,6,2,0.415148,pass
18,30,22,2,6,3,0.416368,pass
18,30,22,2,6,4,0.413316,pass
9,30,22,2,6,0,0.430153,pass
9,30,22,2,6,1,0.423135,pass
9,30,22,2,6,2,0.438433,pass
9,30,22,2,6,3,0.431139,pass
9,30,22,2,6,4,0.396490,pass
9,30,18,1,1,0,0.065553,pass
9,30,18,1,1,1,0.075167,pass
9,30,18,1,1,2,0.090965,pass
9,30,18,1,1,3,0.073092,pass
9,30,18,1,1,4,0.072063,pass
18,30,18,1,1,0,0.068710,pass
18,30,18,1,1,1,0.072891,pass
18,30,18,1,1,2,0.068225,pass
18,30,18,1,1,3,0.068733,pass
18,30,18,1,1,4,0.069148,pass
18,30,18,1,1,0,0.072059,pass
18,30,18,1,1,1,0.068460,pass
18,30,18,1,1,2,0.068590,pass
18,30,18,1,1,3,0.067144,pass
18,30,18,1,1,4,0.073953,pass
9,30,18,1,1,0,0.064214,pass
9,30,18,1,1,1,0.065133,pass
9,30,18,1,1,2,0.066758,pass
9,30,18,1,1,3,0.063384,pass
9,30,18,1,1,4,0.061921,pass
9,30,18,1,3,0,0.177086,pass
9,30,18,1,3,1,0.207213,pass
9,30,18,1,3,2,0.210105,pass
9,30,18,1,3,3,0.207704,pass
9,30,18,1,3,4,0.205472,pass
18,30,18,1,3,0,0.205957,pass
18,30,18,1,3,1,0.194982,pass
18,30,18,1,3,2,0.195552,pass
18,30,18,1,3,3,0.214579,pass
18,30,18,1,3,4,0.198900,pass
18,30,18,1,3,0,0.194152,pass
18,30,18,1,3,1,0.193460,pass
18,30,18,1,3,2,0.194681,pass
18,30,18,1,3,3,0.194628,pass
18,30,18,1,3,4,0.194298,pass
9,30,18,1,3,0,0.241089,pass
9,30,18,1,3,1,0.176759,pass
9,30,18,1,3,2,0.174891,pass
9,30,18,1,3,3,0.176475,pass
9,30,18,1,3,4,0.203363,pass
9,30,18,1,6,0,0.350299,pass
9,30,18,1,6,1,0.352942,pass
9,30,18,1,6,2,0.340234,pass
9,30,18,1,6,3,0.342351,pass
9,30,18,1,6,4,0.356474,pass
18,30,18,1,6,0,0.384606,pass
18,30,18,1,6,1,0.383313,pass
18,30,18,1,6,2,0.383111,pass
18,30,18,1,6,3,0.383047,pass
18,30,18,1,6,4,0.383751,pass
18,30,18,1,6,0,0.381499,pass
18,30,18,1,6,1,0.385649,pass
18,30,18,1,6,2,0.388571,pass
18,30,18,1,6,3,0.388884,pass
18,30,18,1,6,4,0.391972,pass
9,30,18,1,6,0,0.352809,pass
9,30,18,1,6,1,0.342289,pass
9,30,18,1,6,2,0.368360,pass
9,30,18,1,6,3,0.343855,pass
9,30,18,1,6,4,0.349683,pass
9,30,18,2,1,0,0.067187,pass
9,30,18,2,1,1,0.065575,pass
9,30,18,2,1,2,0.065870,pass
9,30,18,2,1,3,0.066246,pass
9,30,18,2,1,4,0.066295,pass
18,30,18,2,1,0,0.072273,pass
18,30,18,2,1,1,0.073145,pass
18,30,18,2,1,2,0.073607,pass
18,30,18,2,1,3,0.072996,pass
18,30,18,2,1,4,0.072939,pass
18,30,18,2,1,0,0.074713,pass
18,30,18,2,1,1,0.072363,pass
18,30,18,2,1,2,0.072861,pass
18,30,18,2,1,3,0.074085,pass
18,30,18,2,1,4,0.074685,pass
9,30,18,2,1,0,0.069244,pass
9,30,18,2,1,1,0.069773,pass
9,30,18,2,1,2,0.067744,pass
9,30,18,2,1,3,0.068642,pass
9,30,18,2,1,4,0.069134,pass
9,30,18,2,3,0,0.184682,pass
9,30,18,2,3,1,0.189723,pass
9,30,18,2,3,2,0.193170,pass
9,30,18,2,3,3,0.280886,pass
9,30,18,2,3,4,0.247111,pass
18,30,18,2,3,0,0.210556,pass
18,30,18,2,3,1,0.218813,pass
18,30,18,2,3,2,0.217249,pass
18,30,18,2,3,3,0.225298,pass
18,30,18,2,3,4,0.222619,pass
18,30,18,2,3,0,0.211170,pass
18,30,18,2,3,1,0.226935,pass
18,30,18,2,3,2,0.223273,pass
18,30,18,2,3,3,0.222687,pass
18,30,18,2,3,4,0.224737,pass
9,30,18,2,3,0,0.193457,pass
9,30,18,2,3,1,0.194733,pass
9,30,18,2,3,2,0.199579,pass
9,30,18,2,3,3,0.199962,pass
9,30,18,2,3,4,0.208345,pass
9,30,18,2,6,0,0.378095,pass
9,30,18,2,6,1,0.406328,pass
9,30,18,2,6,2,0.396831,pass
9,30,18,2,6,3,0.396751,pass
9,30,18,2,6,4,0.388545,pass
18,30,18,2,6,0,0.427632,pass
18,30,18,2,6,1,0.449051,pass
18,30,18,2,6,2,0.447205,pass
18,30,18,2,6,3,0.451046,pass
18,30,18,2,6,4,0.444159,pass
18,30,18,2,6,0,0.430874,pass
18,30,18,2,6,1,0.454789,pass
18,30,18,2,6,2,0.523672,pass
18,30,18,2,6,3,0.457300,pass
18,30,18,2,6,4,0.453207,pass
9,30,18,2,6,0,0.435384,pass
9,30,18,2,6,1,0.407525,pass
9,30,18,2,6,2,0.394572,pass
9,30,18,2,6,3,0.389907,pass
9,30,18,2,6,4,0.388746,pass
9,30,21,1,1,0,0.070252,pass
9,30,21,1,1,1,0.069844,pass
9,30,21,1,1,2,0.069643,pass
9,30,21,1,1,3,0.068846,pass
9,30,21,1,1,4,0.068586,pass
18,30,21,1,1,0,0.077213,pass
18,30,21,1,1,1,0.074713,pass
18,30,21,1,1,2,0.077519,pass
18,30,21,1,1,3,0.076000,pass
18,30,21,1,1,4,0.074900,pass
18,30,21,1,1,0,0.077289,pass
18,30,21,1,1,1,0.074515,pass
18,30,21,1,1,2,0.075778,pass
18,30,21,1,1,3,0.075519,pass
18,30,21,1,1,4,0.075915,pass
9,30,21,1,1,0,0.070043,pass
9,30,21,1,1,1,0.070275,pass
9,30,21,1,1,2,0.067719,pass
9,30,21,1,1,3,0.066643,pass
9,30,21,1,1,4,0.067520,pass
9,30,21,1,3,0,0.192293,pass
9,30,21,1,3,1,0.192727,pass
9,30,21,1,3,2,0.194880,pass
9,30,21,1,3,3,0.198551,pass
9,30,21,1,3,4,0.196178,pass
18,30,21,1,3,0,0.221991,pass
18,30,21,1,3,1,0.224715,pass
18,30,21,1,3,2,0.263591,pass
18,30,21,1,3,3,0.231511,pass
18,30,21,1,3,4,0.230520,pass
18,30,21,1,3,0,0.229472,pass
18,30,21,1,3,1,0.219355,pass
18,30,21,1,3,2,0.221489,pass
18,30,21,1,3,3,0.225631,pass
18,30,21,1,3,4,0.223558,pass
9,30,21,1,3,0,0.191552,pass
9,30,21,1,3,1,0.194641,pass
9,30,21,1,3,2,0.197304,pass
9,30,21,1,3,3,0.193147,pass
9,30,21,1,3,4,0.197610,pass
9,30,21,1,6,0,0.372667,pass
9,30,21,1,6,1,0.381078,pass
9,30,21,1,6,2,0.382077,pass
9,30,21,1,6,3,0.396688,pass
9,30,21,1,6,4,0.398901,pass
18,30,21,1,6,0,0.440223,pass
18,30,21,1,6,1,0.434899,pass
18,30,21,1,6,2,0.433809,pass
18,30,21,1,6,3,0.492013,pass
18,30,21,1,6,4,0.436627,pass
18,30,21,1,6,0,0.430862,pass
18,30,21,1,6,1,0.433404,pass
18,30,21,1,6,2,0.433779,pass
18,30,21,1,6,3,0.471155,pass
18,30,21,1,6,4,0.448472,pass
9,30,21,1,6,0,0.380855,pass
9,30,21,1,6,1,0.398957,pass
9,30,21,1,6,2,0.379235,pass
9,30,21,1,6,3,0.383372,pass
9,30,21,1,6,4,0.384372,pass
9,30,21,2,1,0,0.076443,pass
9,30,21,2,1,1,0.076007,pass
9,30,21,2,1,2,0.076899,pass
9,30,21,2,1,3,0.078113,pass
9,30,21,2,1,4,0.080677,pass
18,30,21,2,1,0,0.082594,pass
18,30,21,2,1,1,0.084174,pass
18,30,21,2,1,2,0.085984,pass
18,30,21,2,1,3,0.087296,pass
18,30,21,2,1,4,0.087762,pass
18,30,21,2,1,0,0.083041,pass
18,30,21,2,1,1,0.084404,pass
18,30,21,2,1,2,0.086256,pass
18,30,21,2,1,3,0.087745,pass
18,30,21,2,1,4,0.087721,pass
9,30,21,2,1,0,0.073696,pass
9,30,21,2,1,1,0.074954,pass
9,30,21,2,1,2,0.076707,pass
9,30,21,2,1,3,0.077539,pass
9,30,21,2,1,4,0.078365,pass
9,30,21,2,3,0,0.265454,pass
9,30,21,2,3,1,0.219126,pass
9,30,21,2,3,2,0.231290,pass
9,30,21,2,3,3,0.232469,pass
9,30,21,2,3,4,0.225751,pass
18,30,21,2,3,0,0.241513,pass
18,30,21,2,3,1,0.258026,pass
18,30,21,2,3,2,0.252348,pass
18,30,21,2,3,3,0.256976,pass
18,30,21,2,3,4,0.254203,pass
18,30,21,2,3,0,0.263126,pass
18,30,21,2,3,1,0.297582,pass
18,30,21,2,3,2,0.253891,pass
18,30,21,2,3,3,0.258141,pass
18,30,21,2,3,4,0.257004,pass
9,30,21,2,3,0,0.215813,pass
9,30,21,2,3,1,0.227084,pass
9,30,21,2,3,2,0.227753,pass
9,30,21,2,3,3,0.234245,pass
9,30,21,2,3,4,0.231535,pass
9,30,21,2,6,0,0.425280,pass
9,30,21,2,6,1,0.448631,pass
9,30,21,2,6,2,0.451020,pass
9,30,21,2,6,3,0.440495,pass
9,30,21,2,6,4,0.438870,pass
18,30,21,2,6,0,0.483491,pass
18,30,21,2,6,1,0.502900,pass
18,30,21,2,6,2,0.529306,pass
18,30,21,2,6,3,0.502433,pass
18,30,21,2,6,4,0.503795,pass
18,30,21,2,6,0,0.487848,pass
18,30,21,2,6,1,0.513584,pass
18,30,21,2,6,2,0.503956,pass
18,30,21,2,6,3,0.505132,pass
18,30,21,2,6,4,0.504115,pass
9,30,21,2,6,0,0.417930,pass
9,30,21,2,6,1,0.446548,pass
9,30,21,2,6,2,0.440821,pass
9,30,21,2,6,3,0.446100,pass
9,30,21,2,6,4,0.444492,pass
